Using pre-set license
Built from '6000.1/staging' branch; Version is '6000.1.0f1 (9ea152932a88) revision 10395986'; Using compiler version '194234433'; Build Type 'Release'
OS: 'Windows 11  (10.0.26100) 64bit CoreSingleLanguage' Language: 'en' Physical Memory: 15647 MB
BatchMode: 1, IsHumanControllingUs: 0, StartBugReporterOnCrash: 0, Is64bit: 1, IsPro: 1
Date: 2025-05-27T05:53:36Z

COMMAND LINE ARGUMENTS:
D:\Unity\Editor\6000.1.0f1\Editor\Unity.exe
-adb2
-batchMode
-noUpm
-name
AssetImportWorker0
-projectPath
D:/PRU212/Tiny Trouble/Tiny Trouble
-logFile
Logs/AssetImportWorker0.log
-srvPort
62849
-job-worker-count
3
-background-job-worker-count
8
-gc-helper-count
1
-name
AssetImport
Successfully changed project path to: D:/PRU212/Tiny Trouble/Tiny Trouble
D:/PRU212/Tiny Trouble/Tiny Trouble
[UnityMemory] Configuration Parameters - Can be set up in boot.config
    "memorysetup-allocator-temp-initial-block-size-main=262144"
    "memorysetup-allocator-temp-initial-block-size-worker=262144"
    "memorysetup-bucket-allocator-granularity=16"
    "memorysetup-bucket-allocator-bucket-count=8"
    "memorysetup-bucket-allocator-block-size=33554432"
    "memorysetup-bucket-allocator-block-count=8"
    "memorysetup-main-allocator-block-size=16777216"
    "memorysetup-thread-allocator-block-size=16777216"
    "memorysetup-gfx-main-allocator-block-size=16777216"
    "memorysetup-gfx-thread-allocator-block-size=16777216"
    "memorysetup-cache-allocator-block-size=4194304"
    "memorysetup-typetree-allocator-block-size=2097152"
    "memorysetup-profiler-bucket-allocator-granularity=16"
    "memorysetup-profiler-bucket-allocator-bucket-count=8"
    "memorysetup-profiler-bucket-allocator-block-size=33554432"
    "memorysetup-profiler-bucket-allocator-block-count=8"
    "memorysetup-profiler-allocator-block-size=16777216"
    "memorysetup-profiler-editor-allocator-block-size=1048576"
    "memorysetup-temp-allocator-size-main=16777216"
    "memorysetup-job-temp-allocator-block-size=2097152"
    "memorysetup-job-temp-allocator-block-size-background=1048576"
    "memorysetup-job-temp-allocator-reduction-small-platforms=262144"
    "memorysetup-temp-allocator-size-background-worker=32768"
    "memorysetup-temp-allocator-size-job-worker=262144"
    "memorysetup-temp-allocator-size-preload-manager=33554432"
    "memorysetup-temp-allocator-size-nav-mesh-worker=65536"
    "memorysetup-temp-allocator-size-audio-worker=65536"
    "memorysetup-temp-allocator-size-cloud-worker=32768"
    "memorysetup-temp-allocator-size-gi-baking-worker=262144"
    "memorysetup-temp-allocator-size-gi-baking-worker=262144"
    "memorysetup-temp-allocator-size-gi-baking-worker=262144"
    "memorysetup-temp-allocator-size-gi-baking-worker=262144"
    "memorysetup-temp-allocator-size-gi-baking-worker=262144"
    "memorysetup-temp-allocator-size-gfx=262144"
Player connection [13292]  Target information:

Player connection [13292]  * "[IP] 192.168.102.7 [Port] 0 [Flags] 2 [Guid] 680376452 [EditorId] 680376452 [Version] 1048832 [Id] WindowsEditor(7,MyASUS) [Debug] 1 [PackageName] WindowsEditor [ProjectName] Editor" 

Player connection [13292] Host joined multi-casting on [225.0.0.222:54997]...
Player connection [13292] Host joined alternative multi-casting on [225.0.0.222:34997]...
JobSystem: Creating JobQueue using job-worker-count value 3
Input System module state changed to: Initialized.
[Physics::Module] Initialized fallback backend.
[Physics::Module] Id: 0xdecafbad
Library Redirect Path: Library/
[Physics::Module] Selected backend.
[Physics::Module] Name: PhysX
[Physics::Module] Id: 0xf2b8ea05
[Physics::Module] SDK Version: 4.1.2
[Physics::Module] Integration Version: 1.0.0
[Physics::Module] Threading Mode: Multi-Threaded
Refreshing native plugins compatible for Editor in 10.81 ms, found 4 plugins.
Preloading 0 native plugins for Editor in 0.00 ms.
Initialize engine version: 6000.1.0f1 (9ea152932a88)
[Subsystems] Discovering subsystems at path D:/Unity/Editor/6000.1.0f1/Editor/Data/Resources/UnitySubsystems
[Subsystems] Discovering subsystems at path D:/PRU212/Tiny Trouble/Tiny Trouble/Assets
GfxDevice: creating device client; kGfxThreadingModeNonThreaded
Direct3D:
    Version:         Direct3D 12 [level 12.1]
    Renderer:        AMD Radeon(TM) Graphics (ID=0x1506)
    Vendor:          ATI
    VRAM:            7823 MB
    App VRAM Budget: 7640 MB
    Driver:          31.0.12042.2002
    Unified Memory Architecture
Initialize mono
Mono path[0] = 'D:/Unity/Editor/6000.1.0f1/Editor/Data/Managed'
Mono path[1] = 'D:/Unity/Editor/6000.1.0f1/Editor/Data/MonoBleedingEdge/lib/mono/unityjit-win32'
Mono config path = 'D:/Unity/Editor/6000.1.0f1/Editor/Data/MonoBleedingEdge/etc'
Using monoOptions --debugger-agent=transport=dt_socket,embedding=1,server=y,suspend=n,address=127.0.0.1:56200
Begin MonoManager ReloadAssembly
Registering precompiled unity dll's ...
Register platform support module: D:/Unity/Editor/6000.1.0f1/Editor/Data/PlaybackEngines/WebGLSupport/UnityEditor.WebGL.Extensions.dll
Register platform support module: D:/Unity/Editor/6000.1.0f1/Editor/Data/PlaybackEngines/WindowsStandaloneSupport/UnityEditor.WindowsStandalone.Extensions.dll
Registered in 0.005583 seconds.
- Loaded All Assemblies, in  1.019 seconds
Native extension for WindowsStandalone target not found
Native extension for WebGL target not found
Mono: successfully reloaded assembly
- Finished resetting the current domain, in  0.892 seconds
Domain Reload Profiling: 1911ms
	BeginReloadAssembly (356ms)
		ExecutionOrderSort (0ms)
		DisableScriptedObjects (0ms)
		BackupInstance (0ms)
		ReleaseScriptingObjects (0ms)
		CreateAndSetChildDomain (1ms)
	RebuildCommonClasses (94ms)
	RebuildNativeTypeToScriptingClass (30ms)
	initialDomainReloadingComplete (114ms)
	LoadAllAssembliesAndSetupDomain (424ms)
		LoadAssemblies (357ms)
		RebuildTransferFunctionScriptingTraits (0ms)
		AnalyzeDomain (415ms)
			TypeCache.Refresh (412ms)
				TypeCache.ScanAssembly (383ms)
			BuildScriptInfoCaches (0ms)
			ResolveRequiredComponents (1ms)
	FinalizeReload (894ms)
		ReleaseScriptCaches (0ms)
		RebuildScriptCaches (0ms)
		SetupLoadedEditorAssemblies (768ms)
			LogAssemblyErrors (0ms)
			InitializePlatformSupportModulesInManaged (137ms)
			SetLoadedEditorAssemblies (9ms)
			BeforeProcessingInitializeOnLoad (130ms)
			ProcessInitializeOnLoadAttributes (329ms)
			ProcessInitializeOnLoadMethodAttributes (164ms)
			AfterProcessingInitializeOnLoad (0ms)
			EditorAssembliesLoaded (0ms)
		ExecutionOrderSort2 (0ms)
		AwakeInstancesAfterBackupRestoration (0ms)
Assembly reference Packages/com.unity.cinemachine/Editor/Samples/ExposeHDRPInternals/HDRP-Editor-ref.asmref has no target assembly definition
========================================================================
Worker process is ready to serve import requests
Import Worker Mode flag is 0x00
Assembly reference Packages/com.unity.cinemachine/Editor/Samples/ExposeHDRPInternals/HDRP-Editor-ref.asmref has no target assembly definition
Assembly reference Packages/com.unity.cinemachine/Editor/Samples/ExposeHDRPInternals/HDRP-Editor-ref.asmref has no target assembly definition
Begin MonoManager ReloadAssembly
- Loaded All Assemblies, in  2.064 seconds
Assembly reference Packages/com.unity.cinemachine/Editor/Samples/ExposeHDRPInternals/HDRP-Editor-ref.asmref has no target assembly definition
'Packages/com.unity.cinemachine/Editor/Obsolete/CinemachineVirtualCameraBaseEditor.cs' contains partial class of Unity.Object, exactly 1 of the partial classes needs to be in a file with the same filename. This is to know the one that can be referenced from ie. GameObjects
'Packages/com.unity.cinemachine/Editor/Editors/CinemachineVirtualCameraBaseEditor.cs' contains partial class of Unity.Object, exactly 1 of the partial classes needs to be in a file with the same filename. This is to know the one that can be referenced from ie. GameObjects
Refreshing native plugins compatible for Editor in 6.80 ms, found 4 plugins.
Native extension for WindowsStandalone target not found
Native extension for WebGL target not found
Assembly reference Packages/com.unity.cinemachine/Editor/Samples/ExposeHDRPInternals/HDRP-Editor-ref.asmref has no target assembly definition
Package Manager log level set to [2]
[Package Manager] Failed to launch server process. Reason: Unity was launched with the -noUpm command-line argument
[Package Manager] Unable to send message (not connected to server process).
[Package Manager] Cannot connect to Unity Package Manager local server
Mono: successfully reloaded assembly
- Finished resetting the current domain, in  2.073 seconds
Domain Reload Profiling: 4134ms
	BeginReloadAssembly (521ms)
		ExecutionOrderSort (0ms)
		DisableScriptedObjects (19ms)
		BackupInstance (0ms)
		ReleaseScriptingObjects (0ms)
		CreateAndSetChildDomain (75ms)
	RebuildCommonClasses (100ms)
	RebuildNativeTypeToScriptingClass (30ms)
	initialDomainReloadingComplete (105ms)
	LoadAllAssembliesAndSetupDomain (1302ms)
		LoadAssemblies (976ms)
		RebuildTransferFunctionScriptingTraits (0ms)
		AnalyzeDomain (664ms)
			TypeCache.Refresh (470ms)
				TypeCache.ScanAssembly (431ms)
			BuildScriptInfoCaches (153ms)
			ResolveRequiredComponents (34ms)
	FinalizeReload (2074ms)
		ReleaseScriptCaches (0ms)
		RebuildScriptCaches (0ms)
		SetupLoadedEditorAssemblies (1677ms)
			LogAssemblyErrors (0ms)
			InitializePlatformSupportModulesInManaged (5ms)
			SetLoadedEditorAssemblies (14ms)
			BeforeProcessingInitializeOnLoad (278ms)
			ProcessInitializeOnLoadAttributes (1069ms)
			ProcessInitializeOnLoadMethodAttributes (305ms)
			AfterProcessingInitializeOnLoad (4ms)
			EditorAssembliesLoaded (1ms)
		ExecutionOrderSort2 (0ms)
		AwakeInstancesAfterBackupRestoration (11ms)
Launched and connected shader compiler UnityShaderCompiler.exe after 0.04 seconds
Refreshing native plugins compatible for Editor in 6.38 ms, found 4 plugins.
Preloading 0 native plugins for Editor in 0.00 ms.
Unloading 233 Unused Serialized files (Serialized files now loaded: 0)
Unloading 7034 unused Assets / (7.9 MB). Loaded Objects now: 7717.
Memory consumption went from 180.8 MB to 173.0 MB.
Total: 30.474900 ms (FindLiveObjects: 1.687400 ms CreateObjectMapping: 2.941400 ms MarkObjects: 14.862400 ms  DeleteObjects: 10.980400 ms)

========================================================================
Received Import Request.
  Time since last request: 106432.490978 seconds.
  path: Assets/Art/Free Assets Pack/Assest Packs/Berie's_Adventure_Seaside_Asset_Pack_Free/PNG/character_berie_hit_1.png
  artifactKey: Guid(13d5c46bf1ac5a0429adc4cd2b37a473) Importer(815301076,1909f56bfc062723c751e8b465ee728b)
Start importing Assets/Art/Free Assets Pack/Assest Packs/Berie's_Adventure_Seaside_Asset_Pack_Free/PNG/character_berie_hit_1.png using Guid(13d5c46bf1ac5a0429adc4cd2b37a473) Importer(815301076,1909f56bfc062723c751e8b465ee728b) (PreviewImporter) -> (artifact id: '53a0e64f41edc54af1b114a03726210b') in 0.3128404 seconds
Number of updated asset objects reloaded before import = 0Number of asset objects unloaded after import = 3

========================================================================
Received Import Request.
  Time since last request: 0.000073 seconds.
  path: Assets/Art/Free Assets Pack/Assest Packs/Berie's_Adventure_Seaside_Asset_Pack_Free/PNG/character_berie_attack1_1.png
  artifactKey: Guid(e4ed5e3fcdeebe845898c16527ed5182) Importer(815301076,1909f56bfc062723c751e8b465ee728b)
Start importing Assets/Art/Free Assets Pack/Assest Packs/Berie's_Adventure_Seaside_Asset_Pack_Free/PNG/character_berie_attack1_1.png using Guid(e4ed5e3fcdeebe845898c16527ed5182) Importer(815301076,1909f56bfc062723c751e8b465ee728b) (PreviewImporter) -> (artifact id: '4bb98dd3509d61016071e5e7a95a45b5') in 0.0416182 seconds
Number of updated asset objects reloaded before import = 0Number of asset objects unloaded after import = 3

========================================================================
Received Import Request.
  Time since last request: 0.000048 seconds.
  path: Assets/Art/Free Assets Pack/Assest Packs/Berie's_Adventure_Seaside_Asset_Pack_Free/PNG/character_berie_fall_2.png
  artifactKey: Guid(e2b0c2a7b82d9ae4e8649bc3f5d905d6) Importer(815301076,1909f56bfc062723c751e8b465ee728b)
Start importing Assets/Art/Free Assets Pack/Assest Packs/Berie's_Adventure_Seaside_Asset_Pack_Free/PNG/character_berie_fall_2.png using Guid(e2b0c2a7b82d9ae4e8649bc3f5d905d6) Importer(815301076,1909f56bfc062723c751e8b465ee728b) (PreviewImporter) -> (artifact id: 'e24f7a5f1d63e1cac72ed96ee975cfca') in 0.0461268 seconds
Number of updated asset objects reloaded before import = 0Number of asset objects unloaded after import = 3

========================================================================
Received Import Request.
  Time since last request: 0.000030 seconds.
  path: Assets/Art/Free Assets Pack/Assest Packs/Berie's_Adventure_Seaside_Asset_Pack_Free/PNG/character_berie_attack1_6.png
  artifactKey: Guid(6c9b1224432a65b459fb2bc67bbd66d1) Importer(815301076,1909f56bfc062723c751e8b465ee728b)
Start importing Assets/Art/Free Assets Pack/Assest Packs/Berie's_Adventure_Seaside_Asset_Pack_Free/PNG/character_berie_attack1_6.png using Guid(6c9b1224432a65b459fb2bc67bbd66d1) Importer(815301076,1909f56bfc062723c751e8b465ee728b) (PreviewImporter) -> (artifact id: '552fed360916da9e06b8948092575985') in 0.0539651 seconds
Number of updated asset objects reloaded before import = 0Number of asset objects unloaded after import = 3

========================================================================
Received Import Request.
  Time since last request: 0.000034 seconds.
  path: Assets/Art/Free Assets Pack/Assest Packs/Berie's_Adventure_Seaside_Asset_Pack_Free/PNG/character_berie_grounded_1.png
  artifactKey: Guid(8161c147b32dc904196b0ffaa0877f04) Importer(815301076,1909f56bfc062723c751e8b465ee728b)
Start importing Assets/Art/Free Assets Pack/Assest Packs/Berie's_Adventure_Seaside_Asset_Pack_Free/PNG/character_berie_grounded_1.png using Guid(8161c147b32dc904196b0ffaa0877f04) Importer(815301076,1909f56bfc062723c751e8b465ee728b) (PreviewImporter) -> (artifact id: '8b9836c3d99ca99ab7c8e41996bf33ae') in 0.0645111 seconds
Number of updated asset objects reloaded before import = 0Number of asset objects unloaded after import = 3

========================================================================
Received Import Request.
  Time since last request: 0.000067 seconds.
  path: Assets/Art/Free Assets Pack/Assest Packs/Berie's_Adventure_Seaside_Asset_Pack_Free/PNG/character_berie_attack2_2.png
  artifactKey: Guid(767b421753030d64e9ff655a88291595) Importer(815301076,1909f56bfc062723c751e8b465ee728b)
Start importing Assets/Art/Free Assets Pack/Assest Packs/Berie's_Adventure_Seaside_Asset_Pack_Free/PNG/character_berie_attack2_2.png using Guid(767b421753030d64e9ff655a88291595) Importer(815301076,1909f56bfc062723c751e8b465ee728b) (PreviewImporter) -> (artifact id: '1a73aae5d7923b48dd9079909b3b32e8') in 0.0463288 seconds
Number of updated asset objects reloaded before import = 0Number of asset objects unloaded after import = 3

========================================================================
Received Import Request.
  Time since last request: 0.000035 seconds.
  path: Assets/Art/Free Assets Pack/Assest Packs/Berie's_Adventure_Seaside_Asset_Pack_Free/PNG/character_berie_attack2_1.png
  artifactKey: Guid(1f0c17ad50127da4aa5e8201f7dcc417) Importer(815301076,1909f56bfc062723c751e8b465ee728b)
Start importing Assets/Art/Free Assets Pack/Assest Packs/Berie's_Adventure_Seaside_Asset_Pack_Free/PNG/character_berie_attack2_1.png using Guid(1f0c17ad50127da4aa5e8201f7dcc417) Importer(815301076,1909f56bfc062723c751e8b465ee728b) (PreviewImporter) -> (artifact id: '2a82e3ec8efedec585fc3129e7226e0a') in 0.041595 seconds
Number of updated asset objects reloaded before import = 0Number of asset objects unloaded after import = 3

========================================================================
Received Import Request.
  Time since last request: 0.000036 seconds.
  path: Assets/Art/Free Assets Pack/Assest Packs/Berie's_Adventure_Seaside_Asset_Pack_Free/PNG/character_berie_death_4.png
  artifactKey: Guid(93532ed29cf55e247ace803a8f93b13d) Importer(815301076,1909f56bfc062723c751e8b465ee728b)
Start importing Assets/Art/Free Assets Pack/Assest Packs/Berie's_Adventure_Seaside_Asset_Pack_Free/PNG/character_berie_death_4.png using Guid(93532ed29cf55e247ace803a8f93b13d) Importer(815301076,1909f56bfc062723c751e8b465ee728b) (PreviewImporter) -> (artifact id: 'a622c4fd346e16282dc0d63c512aa25e') in 0.0452673 seconds
Number of updated asset objects reloaded before import = 0Number of asset objects unloaded after import = 3

========================================================================
Received Import Request.
  Time since last request: 0.000057 seconds.
  path: Assets/Art/Free Assets Pack/Assest Packs/Berie's_Adventure_Seaside_Asset_Pack_Free/PNG/character_berie_hit_3.png
  artifactKey: Guid(f2a3c85294e6104498d8e135cdc825ef) Importer(815301076,1909f56bfc062723c751e8b465ee728b)
Start importing Assets/Art/Free Assets Pack/Assest Packs/Berie's_Adventure_Seaside_Asset_Pack_Free/PNG/character_berie_hit_3.png using Guid(f2a3c85294e6104498d8e135cdc825ef) Importer(815301076,1909f56bfc062723c751e8b465ee728b) (PreviewImporter) -> (artifact id: '8e2d849870248cc00bd9287b4b424860') in 0.0575369 seconds
Number of updated asset objects reloaded before import = 0Number of asset objects unloaded after import = 3

========================================================================
Received Import Request.
  Time since last request: 0.000039 seconds.
  path: Assets/Art/Free Assets Pack/Assest Packs/Berie's_Adventure_Seaside_Asset_Pack_Free/PNG/character_berie_fall_1.png
  artifactKey: Guid(d9b90e44dc676a2429c05af92d2b9234) Importer(815301076,1909f56bfc062723c751e8b465ee728b)
Start importing Assets/Art/Free Assets Pack/Assest Packs/Berie's_Adventure_Seaside_Asset_Pack_Free/PNG/character_berie_fall_1.png using Guid(d9b90e44dc676a2429c05af92d2b9234) Importer(815301076,1909f56bfc062723c751e8b465ee728b) (PreviewImporter) -> (artifact id: 'ba2f18ae3fc51e2a081527aa178c57eb') in 0.0519796 seconds
Number of updated asset objects reloaded before import = 0Number of asset objects unloaded after import = 3

========================================================================
Received Import Request.
  Time since last request: 0.000045 seconds.
  path: Assets/Art/Free Assets Pack/Assest Packs/Berie's_Adventure_Seaside_Asset_Pack_Free/PNG/character_berie_death_2.png
  artifactKey: Guid(2d77eeb4987b080448a56eaa16176eda) Importer(815301076,1909f56bfc062723c751e8b465ee728b)
Start importing Assets/Art/Free Assets Pack/Assest Packs/Berie's_Adventure_Seaside_Asset_Pack_Free/PNG/character_berie_death_2.png using Guid(2d77eeb4987b080448a56eaa16176eda) Importer(815301076,1909f56bfc062723c751e8b465ee728b) (PreviewImporter) -> (artifact id: 'fda81e8b0c5a0a456d07ea0201499669') in 0.0605634 seconds
Number of updated asset objects reloaded before import = 0Number of asset objects unloaded after import = 3

========================================================================
Received Import Request.
  Time since last request: 0.000065 seconds.
  path: Assets/Art/Free Assets Pack/Assest Packs/Berie's_Adventure_Seaside_Asset_Pack_Free/PNG/background.png
  artifactKey: Guid(cc3d258cb38c2b84eafff23e2e91fa5f) Importer(815301076,1909f56bfc062723c751e8b465ee728b)
Start importing Assets/Art/Free Assets Pack/Assest Packs/Berie's_Adventure_Seaside_Asset_Pack_Free/PNG/background.png using Guid(cc3d258cb38c2b84eafff23e2e91fa5f) Importer(815301076,1909f56bfc062723c751e8b465ee728b) (PreviewImporter) -> (artifact id: '6a4b4bc0b42880f3acb6c76a5ce8ff4c') in 0.054931 seconds
Number of updated asset objects reloaded before import = 0Number of asset objects unloaded after import = 3

========================================================================
Received Import Request.
  Time since last request: 0.000044 seconds.
  path: Assets/Art/Free Assets Pack/Assest Packs/Berie's_Adventure_Seaside_Asset_Pack_Free/PNG/character_berie_attack1_3.png
  artifactKey: Guid(f21aaae9b994a8446bc260e56e1c3c77) Importer(815301076,1909f56bfc062723c751e8b465ee728b)
Start importing Assets/Art/Free Assets Pack/Assest Packs/Berie's_Adventure_Seaside_Asset_Pack_Free/PNG/character_berie_attack1_3.png using Guid(f21aaae9b994a8446bc260e56e1c3c77) Importer(815301076,1909f56bfc062723c751e8b465ee728b) (PreviewImporter) -> (artifact id: 'e50b01d28d5081ef752be49c909b226f') in 0.0609365 seconds
Number of updated asset objects reloaded before import = 0Number of asset objects unloaded after import = 3

========================================================================
Received Import Request.
  Time since last request: 0.000054 seconds.
  path: Assets/Art/Free Assets Pack/Assest Packs/Berie's_Adventure_Seaside_Asset_Pack_Free/PNG/background_clouds_small.png
  artifactKey: Guid(974fb9c0877a8f545944d52f5bc31761) Importer(815301076,1909f56bfc062723c751e8b465ee728b)
Start importing Assets/Art/Free Assets Pack/Assest Packs/Berie's_Adventure_Seaside_Asset_Pack_Free/PNG/background_clouds_small.png using Guid(974fb9c0877a8f545944d52f5bc31761) Importer(815301076,1909f56bfc062723c751e8b465ee728b) (PreviewImporter) -> (artifact id: '8f9e1cb02e95180e927e96d863d0cad2') in 0.0823198 seconds
Number of updated asset objects reloaded before import = 0Number of asset objects unloaded after import = 6

========================================================================
Received Import Request.
  Time since last request: 45.493317 seconds.
  path: Assets/Art/Free Assets Pack/Assest Packs/Berie's_Adventure_Seaside_Asset_Pack_Free/PNG/character_berie_injured_1.png
  artifactKey: Guid(151db4d419acd3d43b12f843654642ea) Importer(815301076,1909f56bfc062723c751e8b465ee728b)
Start importing Assets/Art/Free Assets Pack/Assest Packs/Berie's_Adventure_Seaside_Asset_Pack_Free/PNG/character_berie_injured_1.png using Guid(151db4d419acd3d43b12f843654642ea) Importer(815301076,1909f56bfc062723c751e8b465ee728b) (PreviewImporter) -> (artifact id: '10bf9235755dc53b1bf1d7c73714a584') in 0.0432588 seconds
Number of updated asset objects reloaded before import = 0Number of asset objects unloaded after import = 3

========================================================================
Received Import Request.
  Time since last request: 0.000034 seconds.
  path: Assets/Art/Free Assets Pack/Assest Packs/Berie's_Adventure_Seaside_Asset_Pack_Free/PNG/character_berie_injured_4.png
  artifactKey: Guid(fc1d4737d36b80a489bd8831adb83b53) Importer(815301076,1909f56bfc062723c751e8b465ee728b)
Start importing Assets/Art/Free Assets Pack/Assest Packs/Berie's_Adventure_Seaside_Asset_Pack_Free/PNG/character_berie_injured_4.png using Guid(fc1d4737d36b80a489bd8831adb83b53) Importer(815301076,1909f56bfc062723c751e8b465ee728b) (PreviewImporter) -> (artifact id: '8305600b11172d2aa3d1ef5809fda4f5') in 0.099421 seconds
Number of updated asset objects reloaded before import = 0Number of asset objects unloaded after import = 4

========================================================================
Received Import Request.
  Time since last request: 0.000054 seconds.
  path: Assets/Art/Free Assets Pack/Assest Packs/Berie's_Adventure_Seaside_Asset_Pack_Free/PNG/character_berie_injured_5.png
  artifactKey: Guid(602c146e0dde93246a2302f5da4d3441) Importer(815301076,1909f56bfc062723c751e8b465ee728b)
Start importing Assets/Art/Free Assets Pack/Assest Packs/Berie's_Adventure_Seaside_Asset_Pack_Free/PNG/character_berie_injured_5.png using Guid(602c146e0dde93246a2302f5da4d3441) Importer(815301076,1909f56bfc062723c751e8b465ee728b) (PreviewImporter) -> (artifact id: '890fc5c47c812dc671f585794571aa1b') in 0.0644793 seconds
Number of updated asset objects reloaded before import = 0Number of asset objects unloaded after import = 4

========================================================================
Received Import Request.
  Time since last request: 0.000037 seconds.
  path: Assets/Art/Free Assets Pack/Assest Packs/Berie's_Adventure_Seaside_Asset_Pack_Free/PNG/character_berie_injured_poisoned_3.png
  artifactKey: Guid(177b9de85e35e2e438e9d7418fab86e1) Importer(815301076,1909f56bfc062723c751e8b465ee728b)
Start importing Assets/Art/Free Assets Pack/Assest Packs/Berie's_Adventure_Seaside_Asset_Pack_Free/PNG/character_berie_injured_poisoned_3.png using Guid(177b9de85e35e2e438e9d7418fab86e1) Importer(815301076,1909f56bfc062723c751e8b465ee728b) (PreviewImporter) -> (artifact id: '768fed33705ceef506540d6ec9a7bb6a') in 0.0482119 seconds
Number of updated asset objects reloaded before import = 0Number of asset objects unloaded after import = 4

========================================================================
Received Import Request.
  Time since last request: 0.000041 seconds.
  path: Assets/Art/Free Assets Pack/Assest Packs/Berie's_Adventure_Seaside_Asset_Pack_Free/PNG/character_berie_injured_7.png
  artifactKey: Guid(4d48094cb5510514c8bf29e772aa58f5) Importer(815301076,1909f56bfc062723c751e8b465ee728b)
Start importing Assets/Art/Free Assets Pack/Assest Packs/Berie's_Adventure_Seaside_Asset_Pack_Free/PNG/character_berie_injured_7.png using Guid(4d48094cb5510514c8bf29e772aa58f5) Importer(815301076,1909f56bfc062723c751e8b465ee728b) (PreviewImporter) -> (artifact id: '6de54304a8953f644dc9c85752dd5a8d') in 0.0589043 seconds
Number of updated asset objects reloaded before import = 0Number of asset objects unloaded after import = 3

========================================================================
Received Import Request.
  Time since last request: 0.000062 seconds.
  path: Assets/Art/Free Assets Pack/Assest Packs/Berie's_Adventure_Seaside_Asset_Pack_Free/PNG/character_berie_injured_poisoned_6.png
  artifactKey: Guid(e1fd97a3dab23904f908c3b17561c108) Importer(815301076,1909f56bfc062723c751e8b465ee728b)
Start importing Assets/Art/Free Assets Pack/Assest Packs/Berie's_Adventure_Seaside_Asset_Pack_Free/PNG/character_berie_injured_poisoned_6.png using Guid(e1fd97a3dab23904f908c3b17561c108) Importer(815301076,1909f56bfc062723c751e8b465ee728b) (PreviewImporter) -> (artifact id: 'c617092c5f2c354deb27675cc2d8f949') in 0.0660319 seconds
Number of updated asset objects reloaded before import = 0Number of asset objects unloaded after import = 4

========================================================================
Received Import Request.
  Time since last request: 0.000035 seconds.
  path: Assets/Art/Free Assets Pack/Assest Packs/Berie's_Adventure_Seaside_Asset_Pack_Free/PNG/character_berie_injured_poisoned_7.png
  artifactKey: Guid(f7a54437408df1b4c899144d8ab2511c) Importer(815301076,1909f56bfc062723c751e8b465ee728b)
Start importing Assets/Art/Free Assets Pack/Assest Packs/Berie's_Adventure_Seaside_Asset_Pack_Free/PNG/character_berie_injured_poisoned_7.png using Guid(f7a54437408df1b4c899144d8ab2511c) Importer(815301076,1909f56bfc062723c751e8b465ee728b) (PreviewImporter) -> (artifact id: '58034b3d562a3067c9555adced54cb0f') in 0.0637076 seconds
Number of updated asset objects reloaded before import = 0Number of asset objects unloaded after import = 4

========================================================================
Received Import Request.
  Time since last request: 0.000042 seconds.
  path: Assets/Art/Free Assets Pack/Assest Packs/Berie's_Adventure_Seaside_Asset_Pack_Free/PNG/character_berie_injured_poisoned_11.png
  artifactKey: Guid(b122eff3438d2da468ba5b4eb6e8c521) Importer(815301076,1909f56bfc062723c751e8b465ee728b)
Start importing Assets/Art/Free Assets Pack/Assest Packs/Berie's_Adventure_Seaside_Asset_Pack_Free/PNG/character_berie_injured_poisoned_11.png using Guid(b122eff3438d2da468ba5b4eb6e8c521) Importer(815301076,1909f56bfc062723c751e8b465ee728b) (PreviewImporter) -> (artifact id: '8339d8317672d12351e404ec2ebd37e9') in 0.0485725 seconds
Number of updated asset objects reloaded before import = 0Number of asset objects unloaded after import = 3

========================================================================
Received Import Request.
  Time since last request: 0.000061 seconds.
  path: Assets/Art/Free Assets Pack/Assest Packs/Berie's_Adventure_Seaside_Asset_Pack_Free/PNG/character_berie_injured_poisoned_2.png
  artifactKey: Guid(854419e3ae00f7e408643083073f2ccd) Importer(815301076,1909f56bfc062723c751e8b465ee728b)
Start importing Assets/Art/Free Assets Pack/Assest Packs/Berie's_Adventure_Seaside_Asset_Pack_Free/PNG/character_berie_injured_poisoned_2.png using Guid(854419e3ae00f7e408643083073f2ccd) Importer(815301076,1909f56bfc062723c751e8b465ee728b) (PreviewImporter) -> (artifact id: 'f9d7d526f87699f51482a25742ac8688') in 0.0591208 seconds
Number of updated asset objects reloaded before import = 0Number of asset objects unloaded after import = 4

========================================================================
Received Import Request.
  Time since last request: 0.000034 seconds.
  path: Assets/Art/Free Assets Pack/Assest Packs/Berie's_Adventure_Seaside_Asset_Pack_Free/PNG/character_berie_injured_poisoned_12.png
  artifactKey: Guid(c906365c82e150c49888ba379db427cf) Importer(815301076,1909f56bfc062723c751e8b465ee728b)
Start importing Assets/Art/Free Assets Pack/Assest Packs/Berie's_Adventure_Seaside_Asset_Pack_Free/PNG/character_berie_injured_poisoned_12.png using Guid(c906365c82e150c49888ba379db427cf) Importer(815301076,1909f56bfc062723c751e8b465ee728b) (PreviewImporter) -> (artifact id: '572a7ed403fbf552a317992ff6f1d956') in 0.0519996 seconds
Number of updated asset objects reloaded before import = 0Number of asset objects unloaded after import = 4

========================================================================
Received Import Request.
  Time since last request: 8.395158 seconds.
  path: Assets/Art/Free Assets Pack/Assest Packs/Berie's_Adventure_Seaside_Asset_Pack_Free/PNG/character_berie_injured_poisoned_14.png
  artifactKey: Guid(c2738816fbdd8ea4c877ff5051a55d33) Importer(815301076,1909f56bfc062723c751e8b465ee728b)
Start importing Assets/Art/Free Assets Pack/Assest Packs/Berie's_Adventure_Seaside_Asset_Pack_Free/PNG/character_berie_injured_poisoned_14.png using Guid(c2738816fbdd8ea4c877ff5051a55d33) Importer(815301076,1909f56bfc062723c751e8b465ee728b) (PreviewImporter) -> (artifact id: '2371924d548534e22163ae18a8eb824f') in 0.0549825 seconds
Number of updated asset objects reloaded before import = 0Number of asset objects unloaded after import = 4

========================================================================
Received Import Request.
  Time since last request: 0.000049 seconds.
  path: Assets/Art/Free Assets Pack/Assest Packs/Berie's_Adventure_Seaside_Asset_Pack_Free/PNG/character_berie_injured_poisoned_16.png
  artifactKey: Guid(b043ee47d1d32c04eb24a99fd0ff96d3) Importer(815301076,1909f56bfc062723c751e8b465ee728b)
Start importing Assets/Art/Free Assets Pack/Assest Packs/Berie's_Adventure_Seaside_Asset_Pack_Free/PNG/character_berie_injured_poisoned_16.png using Guid(b043ee47d1d32c04eb24a99fd0ff96d3) Importer(815301076,1909f56bfc062723c751e8b465ee728b) (PreviewImporter) -> (artifact id: '0589d9aedb9d710934049821754b2134') in 0.0663588 seconds
Number of updated asset objects reloaded before import = 0Number of asset objects unloaded after import = 4

========================================================================
Received Import Request.
  Time since last request: 0.000047 seconds.
  path: Assets/Art/Free Assets Pack/Assest Packs/Berie's_Adventure_Seaside_Asset_Pack_Free/PNG/character_berie_injured_poisoned_20.png
  artifactKey: Guid(502098cc0e64bcb47b4f8117e7e46d8f) Importer(815301076,1909f56bfc062723c751e8b465ee728b)
Start importing Assets/Art/Free Assets Pack/Assest Packs/Berie's_Adventure_Seaside_Asset_Pack_Free/PNG/character_berie_injured_poisoned_20.png using Guid(502098cc0e64bcb47b4f8117e7e46d8f) Importer(815301076,1909f56bfc062723c751e8b465ee728b) (PreviewImporter) -> (artifact id: 'c6467a70a25709347e21efe46679695a') in 0.0449918 seconds
Number of updated asset objects reloaded before import = 0Number of asset objects unloaded after import = 3

========================================================================
Received Import Request.
  Time since last request: 0.000042 seconds.
  path: Assets/Art/Free Assets Pack/Assest Packs/Berie's_Adventure_Seaside_Asset_Pack_Free/PNG/character_berie_jump_2.png
  artifactKey: Guid(01d91b1a4358d3f4ba415b047073f29c) Importer(815301076,1909f56bfc062723c751e8b465ee728b)
Start importing Assets/Art/Free Assets Pack/Assest Packs/Berie's_Adventure_Seaside_Asset_Pack_Free/PNG/character_berie_jump_2.png using Guid(01d91b1a4358d3f4ba415b047073f29c) Importer(815301076,1909f56bfc062723c751e8b465ee728b) (PreviewImporter) -> (artifact id: 'c073f7ce1bd5a162951a3026d8d6bc38') in 0.0767509 seconds
Number of updated asset objects reloaded before import = 0Number of asset objects unloaded after import = 3

========================================================================
Received Import Request.
  Time since last request: 0.416964 seconds.
  path: Assets/Art/Free Assets Pack/Assest Packs/Berie's_Adventure_Seaside_Asset_Pack_Free/PNG/character_berie_jump_3.png
  artifactKey: Guid(40e64aa497b70f44f9833f2beed3bbc8) Importer(815301076,1909f56bfc062723c751e8b465ee728b)
Start importing Assets/Art/Free Assets Pack/Assest Packs/Berie's_Adventure_Seaside_Asset_Pack_Free/PNG/character_berie_jump_3.png using Guid(40e64aa497b70f44f9833f2beed3bbc8) Importer(815301076,1909f56bfc062723c751e8b465ee728b) (PreviewImporter) -> (artifact id: 'f9031c96a2f2991f434b798f514d4ec0') in 0.0549791 seconds
Number of updated asset objects reloaded before import = 0Number of asset objects unloaded after import = 3

========================================================================
Received Import Request.
  Time since last request: 0.000030 seconds.
  path: Assets/Art/Free Assets Pack/Assest Packs/Berie's_Adventure_Seaside_Asset_Pack_Free/PNG/character_berie_run_3.png
  artifactKey: Guid(d609d2a4b8f341f4b96741076ca61fbb) Importer(815301076,1909f56bfc062723c751e8b465ee728b)
Start importing Assets/Art/Free Assets Pack/Assest Packs/Berie's_Adventure_Seaside_Asset_Pack_Free/PNG/character_berie_run_3.png using Guid(d609d2a4b8f341f4b96741076ca61fbb) Importer(815301076,1909f56bfc062723c751e8b465ee728b) (PreviewImporter) -> (artifact id: '353bf02c515c817fdcc64212d4e5ad61') in 0.0395924 seconds
Number of updated asset objects reloaded before import = 0Number of asset objects unloaded after import = 3

========================================================================
Received Import Request.
  Time since last request: 0.000050 seconds.
  path: Assets/Art/Free Assets Pack/Assest Packs/Berie's_Adventure_Seaside_Asset_Pack_Free/PNG/character_berie_showoff_2.png
  artifactKey: Guid(54313337d69602c44a35c54d5478ad36) Importer(815301076,1909f56bfc062723c751e8b465ee728b)
Start importing Assets/Art/Free Assets Pack/Assest Packs/Berie's_Adventure_Seaside_Asset_Pack_Free/PNG/character_berie_showoff_2.png using Guid(54313337d69602c44a35c54d5478ad36) Importer(815301076,1909f56bfc062723c751e8b465ee728b) (PreviewImporter) -> (artifact id: '20f396d561a44b539784d7a74134f6f8') in 0.0627422 seconds
Number of updated asset objects reloaded before import = 0Number of asset objects unloaded after import = 3

========================================================================
Received Import Request.
  Time since last request: 0.000069 seconds.
  path: Assets/Art/Free Assets Pack/Assest Packs/Berie's_Adventure_Seaside_Asset_Pack_Free/PNG/character_berie_showoff_4.png
  artifactKey: Guid(a03836c62a3dbc24cb6d4e98d693c996) Importer(815301076,1909f56bfc062723c751e8b465ee728b)
Start importing Assets/Art/Free Assets Pack/Assest Packs/Berie's_Adventure_Seaside_Asset_Pack_Free/PNG/character_berie_showoff_4.png using Guid(a03836c62a3dbc24cb6d4e98d693c996) Importer(815301076,1909f56bfc062723c751e8b465ee728b) (PreviewImporter) -> (artifact id: '5abb8b1131aee4cd992c9dc2d045d71c') in 0.0623255 seconds
Number of updated asset objects reloaded before import = 0Number of asset objects unloaded after import = 3

========================================================================
Received Import Request.
  Time since last request: 0.000030 seconds.
  path: Assets/Art/Free Assets Pack/Assest Packs/Berie's_Adventure_Seaside_Asset_Pack_Free/PNG/character_berie_showoff_3.png
  artifactKey: Guid(199b930583e90ef459a1f8610f4fec53) Importer(815301076,1909f56bfc062723c751e8b465ee728b)
Start importing Assets/Art/Free Assets Pack/Assest Packs/Berie's_Adventure_Seaside_Asset_Pack_Free/PNG/character_berie_showoff_3.png using Guid(199b930583e90ef459a1f8610f4fec53) Importer(815301076,1909f56bfc062723c751e8b465ee728b) (PreviewImporter) -> (artifact id: '685c881a0d5a29ecd38901d0e03eecb4') in 0.0399769 seconds
Number of updated asset objects reloaded before import = 0Number of asset objects unloaded after import = 3

========================================================================
Received Import Request.
  Time since last request: 0.000038 seconds.
  path: Assets/Art/Free Assets Pack/Assest Packs/Berie's_Adventure_Seaside_Asset_Pack_Free/PNG/character_enemy_sandbug_death_1.png
  artifactKey: Guid(0a675c488cf1b8e4e924078268e72e4d) Importer(815301076,1909f56bfc062723c751e8b465ee728b)
Start importing Assets/Art/Free Assets Pack/Assest Packs/Berie's_Adventure_Seaside_Asset_Pack_Free/PNG/character_enemy_sandbug_death_1.png using Guid(0a675c488cf1b8e4e924078268e72e4d) Importer(815301076,1909f56bfc062723c751e8b465ee728b) (PreviewImporter) -> (artifact id: '4bd991a411147931b10a7c0cf6025e51') in 0.0425931 seconds
Number of updated asset objects reloaded before import = 0Number of asset objects unloaded after import = 3

========================================================================
Received Import Request.
  Time since last request: 0.000053 seconds.
  path: Assets/Art/Free Assets Pack/Assest Packs/Berie's_Adventure_Seaside_Asset_Pack_Free/PNG/character_enemy_sandbug_death_4.png
  artifactKey: Guid(651006ad0e9e8484fb705fd149131f88) Importer(815301076,1909f56bfc062723c751e8b465ee728b)
Start importing Assets/Art/Free Assets Pack/Assest Packs/Berie's_Adventure_Seaside_Asset_Pack_Free/PNG/character_enemy_sandbug_death_4.png using Guid(651006ad0e9e8484fb705fd149131f88) Importer(815301076,1909f56bfc062723c751e8b465ee728b) (PreviewImporter) -> (artifact id: '70745e206d2da341258fad0d3a0a3168') in 0.0540986 seconds
Number of updated asset objects reloaded before import = 0Number of asset objects unloaded after import = 3

========================================================================
Received Import Request.
  Time since last request: 0.000305 seconds.
  path: Assets/Art/Free Assets Pack/Assest Packs/Berie's_Adventure_Seaside_Asset_Pack_Free/PNG/character_berie_showoff_6.png
  artifactKey: Guid(c1c917a5dfa8fe948842aebb34f0ebbd) Importer(815301076,1909f56bfc062723c751e8b465ee728b)
Start importing Assets/Art/Free Assets Pack/Assest Packs/Berie's_Adventure_Seaside_Asset_Pack_Free/PNG/character_berie_showoff_6.png using Guid(c1c917a5dfa8fe948842aebb34f0ebbd) Importer(815301076,1909f56bfc062723c751e8b465ee728b) (PreviewImporter) -> (artifact id: 'b18ebdc993e6c471cc223ada03295927') in 0.0449259 seconds
Number of updated asset objects reloaded before import = 0Number of asset objects unloaded after import = 3

========================================================================
Received Import Request.
  Time since last request: 0.000039 seconds.
  path: Assets/Art/Free Assets Pack/Assest Packs/Berie's_Adventure_Seaside_Asset_Pack_Free/PNG/character_berie_run_4.png
  artifactKey: Guid(376bc0990bc35be499ee913cbc7ea8f3) Importer(815301076,1909f56bfc062723c751e8b465ee728b)
Start importing Assets/Art/Free Assets Pack/Assest Packs/Berie's_Adventure_Seaside_Asset_Pack_Free/PNG/character_berie_run_4.png using Guid(376bc0990bc35be499ee913cbc7ea8f3) Importer(815301076,1909f56bfc062723c751e8b465ee728b) (PreviewImporter) -> (artifact id: '7b642e7ca3dc9cfccdddd49036b1ae5d') in 0.054394 seconds
Number of updated asset objects reloaded before import = 0Number of asset objects unloaded after import = 3

========================================================================
Received Import Request.
  Time since last request: 0.000055 seconds.
  path: Assets/Art/Free Assets Pack/Assest Packs/Berie's_Adventure_Seaside_Asset_Pack_Free/PNG/character_berie_showoff_1.png
  artifactKey: Guid(45418027d65ba164c873c08a8790b9e9) Importer(815301076,1909f56bfc062723c751e8b465ee728b)
Start importing Assets/Art/Free Assets Pack/Assest Packs/Berie's_Adventure_Seaside_Asset_Pack_Free/PNG/character_berie_showoff_1.png using Guid(45418027d65ba164c873c08a8790b9e9) Importer(815301076,1909f56bfc062723c751e8b465ee728b) (PreviewImporter) -> (artifact id: '49139bdf4c93f6f0ae286bb6fe7b76b1') in 0.0376995 seconds
Number of updated asset objects reloaded before import = 0Number of asset objects unloaded after import = 3

========================================================================
Received Import Request.
  Time since last request: 0.000034 seconds.
  path: Assets/Art/Free Assets Pack/Assest Packs/Berie's_Adventure_Seaside_Asset_Pack_Free/PNG/character_enemy_sandbug_spawn_2.png
  artifactKey: Guid(50c359278168a1840b370bbcc747fcf9) Importer(815301076,1909f56bfc062723c751e8b465ee728b)
Start importing Assets/Art/Free Assets Pack/Assest Packs/Berie's_Adventure_Seaside_Asset_Pack_Free/PNG/character_enemy_sandbug_spawn_2.png using Guid(50c359278168a1840b370bbcc747fcf9) Importer(815301076,1909f56bfc062723c751e8b465ee728b) (PreviewImporter) -> (artifact id: '48af974b636161662058db71af8c734f') in 0.04191 seconds
Number of updated asset objects reloaded before import = 0Number of asset objects unloaded after import = 3

========================================================================
Received Import Request.
  Time since last request: 0.000048 seconds.
  path: Assets/Art/Free Assets Pack/Assest Packs/Berie's_Adventure_Seaside_Asset_Pack_Free/PNG/character_enemy_sandbug_spawn_4.png
  artifactKey: Guid(cfc76bc92c2cac64fa8c9e91810c301c) Importer(815301076,1909f56bfc062723c751e8b465ee728b)
Start importing Assets/Art/Free Assets Pack/Assest Packs/Berie's_Adventure_Seaside_Asset_Pack_Free/PNG/character_enemy_sandbug_spawn_4.png using Guid(cfc76bc92c2cac64fa8c9e91810c301c) Importer(815301076,1909f56bfc062723c751e8b465ee728b) (PreviewImporter) -> (artifact id: 'f23d9b6b97fff9e356189bad348792e4') in 0.0471899 seconds
Number of updated asset objects reloaded before import = 0Number of asset objects unloaded after import = 3

========================================================================
Received Import Request.
  Time since last request: 0.000122 seconds.
  path: Assets/Art/Free Assets Pack/Assest Packs/Berie's_Adventure_Seaside_Asset_Pack_Free/PNG/character_enemy_sandbug_walk_2.png
  artifactKey: Guid(4e40dff66fc8239428216376e2d9f056) Importer(815301076,1909f56bfc062723c751e8b465ee728b)
Start importing Assets/Art/Free Assets Pack/Assest Packs/Berie's_Adventure_Seaside_Asset_Pack_Free/PNG/character_enemy_sandbug_walk_2.png using Guid(4e40dff66fc8239428216376e2d9f056) Importer(815301076,1909f56bfc062723c751e8b465ee728b) (PreviewImporter) -> (artifact id: 'f019897bfa16ef9d5f43057901b644c4') in 0.0469145 seconds
Number of updated asset objects reloaded before import = 0Number of asset objects unloaded after import = 3

========================================================================
Received Import Request.
  Time since last request: 0.000129 seconds.
  path: Assets/Art/Free Assets Pack/Assest Packs/Berie's_Adventure_Seaside_Asset_Pack_Free/PNG/character_enemy_sandbug_walk_3.png
  artifactKey: Guid(0a61bea204420514ebec704ec33f53f9) Importer(815301076,1909f56bfc062723c751e8b465ee728b)
Start importing Assets/Art/Free Assets Pack/Assest Packs/Berie's_Adventure_Seaside_Asset_Pack_Free/PNG/character_enemy_sandbug_walk_3.png using Guid(0a61bea204420514ebec704ec33f53f9) Importer(815301076,1909f56bfc062723c751e8b465ee728b) (PreviewImporter) -> (artifact id: '804d32d54f061d32af2a6fb4bb3e61fd') in 0.0448225 seconds
Number of updated asset objects reloaded before import = 0Number of asset objects unloaded after import = 3

========================================================================
Received Import Request.
  Time since last request: 0.000049 seconds.
  path: Assets/Art/Free Assets Pack/Assest Packs/Berie's_Adventure_Seaside_Asset_Pack_Free/PNG/character_enemy_sandbug_spawn_8.png
  artifactKey: Guid(71bcd32e257c50942b3a6263a2cb9f89) Importer(815301076,1909f56bfc062723c751e8b465ee728b)
Start importing Assets/Art/Free Assets Pack/Assest Packs/Berie's_Adventure_Seaside_Asset_Pack_Free/PNG/character_enemy_sandbug_spawn_8.png using Guid(71bcd32e257c50942b3a6263a2cb9f89) Importer(815301076,1909f56bfc062723c751e8b465ee728b) (PreviewImporter) -> (artifact id: '1203bdafc3a60aff479de48af7c00357') in 0.0475552 seconds
Number of updated asset objects reloaded before import = 0Number of asset objects unloaded after import = 3

========================================================================
Received Import Request.
  Time since last request: 0.000047 seconds.
  path: Assets/Art/Free Assets Pack/Assest Packs/Berie's_Adventure_Seaside_Asset_Pack_Free/PNG/character_enemy_sandbug_spawn_5.png
  artifactKey: Guid(4372976f672aa0e42ab2ef079de45c9d) Importer(815301076,1909f56bfc062723c751e8b465ee728b)
Start importing Assets/Art/Free Assets Pack/Assest Packs/Berie's_Adventure_Seaside_Asset_Pack_Free/PNG/character_enemy_sandbug_spawn_5.png using Guid(4372976f672aa0e42ab2ef079de45c9d) Importer(815301076,1909f56bfc062723c751e8b465ee728b) (PreviewImporter) -> (artifact id: '9bb67a111e48cf993417244044ed3172') in 0.0431994 seconds
Number of updated asset objects reloaded before import = 0Number of asset objects unloaded after import = 3

========================================================================
Received Import Request.
  Time since last request: 0.000032 seconds.
  path: Assets/Art/Free Assets Pack/Assest Packs/Berie's_Adventure_Seaside_Asset_Pack_Free/PNG/character_enemy_sandbug_spawn_6.png
  artifactKey: Guid(2a46bacba970dd84daa9a74a093b8dae) Importer(815301076,1909f56bfc062723c751e8b465ee728b)
Start importing Assets/Art/Free Assets Pack/Assest Packs/Berie's_Adventure_Seaside_Asset_Pack_Free/PNG/character_enemy_sandbug_spawn_6.png using Guid(2a46bacba970dd84daa9a74a093b8dae) Importer(815301076,1909f56bfc062723c751e8b465ee728b) (PreviewImporter) -> (artifact id: '40c1fce170db86b9e0e11ee5c0563df4') in 0.0531536 seconds
Number of updated asset objects reloaded before import = 0Number of asset objects unloaded after import = 4

========================================================================
Received Import Request.
  Time since last request: 0.000035 seconds.
  path: Assets/Art/Free Assets Pack/Assest Packs/Berie's_Adventure_Seaside_Asset_Pack_Free/PNG/collectibles_coin_bronze2_2.png
  artifactKey: Guid(034104999cc8c114b87cd81824a119ef) Importer(815301076,1909f56bfc062723c751e8b465ee728b)
Start importing Assets/Art/Free Assets Pack/Assest Packs/Berie's_Adventure_Seaside_Asset_Pack_Free/PNG/collectibles_coin_bronze2_2.png using Guid(034104999cc8c114b87cd81824a119ef) Importer(815301076,1909f56bfc062723c751e8b465ee728b) (PreviewImporter) -> (artifact id: 'd06d0092e00125de83ef17b8ee7deed5') in 0.0446345 seconds
Number of updated asset objects reloaded before import = 0Number of asset objects unloaded after import = 3

========================================================================
Received Import Request.
  Time since last request: 0.000044 seconds.
  path: Assets/Art/Free Assets Pack/Assest Packs/Berie's_Adventure_Seaside_Asset_Pack_Free/PNG/collectibles_coin_gold_2.png
  artifactKey: Guid(60b01e246529e81438a861adeb3bcffc) Importer(815301076,1909f56bfc062723c751e8b465ee728b)
Start importing Assets/Art/Free Assets Pack/Assest Packs/Berie's_Adventure_Seaside_Asset_Pack_Free/PNG/collectibles_coin_gold_2.png using Guid(60b01e246529e81438a861adeb3bcffc) Importer(815301076,1909f56bfc062723c751e8b465ee728b) (PreviewImporter) -> (artifact id: 'f7492d107e865fbdf1f3ac056a7b031a') in 0.0541351 seconds
Number of updated asset objects reloaded before import = 0Number of asset objects unloaded after import = 3

========================================================================
Received Import Request.
  Time since last request: 0.000038 seconds.
  path: Assets/Art/Free Assets Pack/Assest Packs/Berie's_Adventure_Seaside_Asset_Pack_Free/PNG/collectibles_coin_bronze2_4.png
  artifactKey: Guid(9ec9c72d19449d54f9761f2cc6e2734b) Importer(815301076,1909f56bfc062723c751e8b465ee728b)
Start importing Assets/Art/Free Assets Pack/Assest Packs/Berie's_Adventure_Seaside_Asset_Pack_Free/PNG/collectibles_coin_bronze2_4.png using Guid(9ec9c72d19449d54f9761f2cc6e2734b) Importer(815301076,1909f56bfc062723c751e8b465ee728b) (PreviewImporter) -> (artifact id: 'ef094ddce0592d0a62f26ced70cd60ce') in 0.0426392 seconds
Number of updated asset objects reloaded before import = 0Number of asset objects unloaded after import = 3

========================================================================
Received Import Request.
  Time since last request: 0.000040 seconds.
  path: Assets/Art/Free Assets Pack/Assest Packs/Berie's_Adventure_Seaside_Asset_Pack_Free/PNG/collectibles_coin_bronze1_3.png
  artifactKey: Guid(0ffd2c65e5ec346469a36bfd11e3458b) Importer(815301076,1909f56bfc062723c751e8b465ee728b)
Start importing Assets/Art/Free Assets Pack/Assest Packs/Berie's_Adventure_Seaside_Asset_Pack_Free/PNG/collectibles_coin_bronze1_3.png using Guid(0ffd2c65e5ec346469a36bfd11e3458b) Importer(815301076,1909f56bfc062723c751e8b465ee728b) (PreviewImporter) -> (artifact id: '0ceebbe2b2909f552e66ea4029335a90') in 0.0602467 seconds
Number of updated asset objects reloaded before import = 0Number of asset objects unloaded after import = 3

========================================================================
Received Import Request.
  Time since last request: 0.436307 seconds.
  path: Assets/Art/Free Assets Pack/Assest Packs/Berie's_Adventure_Seaside_Asset_Pack_Free/PNG/collectibles_coin_gold_3.png
  artifactKey: Guid(f7ef366b02088a04cae380f96f88306a) Importer(815301076,1909f56bfc062723c751e8b465ee728b)
Start importing Assets/Art/Free Assets Pack/Assest Packs/Berie's_Adventure_Seaside_Asset_Pack_Free/PNG/collectibles_coin_gold_3.png using Guid(f7ef366b02088a04cae380f96f88306a) Importer(815301076,1909f56bfc062723c751e8b465ee728b) (PreviewImporter) -> (artifact id: 'e174c1f5949b088026fa58c5f34f8ae6') in 0.0516926 seconds
Number of updated asset objects reloaded before import = 0Number of asset objects unloaded after import = 3

========================================================================
Received Import Request.
  Time since last request: 0.000036 seconds.
  path: Assets/Art/Free Assets Pack/Assest Packs/Berie's_Adventure_Seaside_Asset_Pack_Free/PNG/collectibles_coin_royal_2.png
  artifactKey: Guid(b0cee727bf03bce4fbae546d5b4f7ffa) Importer(815301076,1909f56bfc062723c751e8b465ee728b)
Start importing Assets/Art/Free Assets Pack/Assest Packs/Berie's_Adventure_Seaside_Asset_Pack_Free/PNG/collectibles_coin_royal_2.png using Guid(b0cee727bf03bce4fbae546d5b4f7ffa) Importer(815301076,1909f56bfc062723c751e8b465ee728b) (PreviewImporter) -> (artifact id: 'efbe10244e9aeaf84b9bc0194aea4a4f') in 0.0383644 seconds
Number of updated asset objects reloaded before import = 0Number of asset objects unloaded after import = 3

========================================================================
Received Import Request.
  Time since last request: 0.000045 seconds.
  path: Assets/Art/Free Assets Pack/Assest Packs/Berie's_Adventure_Seaside_Asset_Pack_Free/PNG/collectibles_coin_silver_1.png
  artifactKey: Guid(43058d71362f3a648a4b8421a2b8715e) Importer(815301076,1909f56bfc062723c751e8b465ee728b)
Start importing Assets/Art/Free Assets Pack/Assest Packs/Berie's_Adventure_Seaside_Asset_Pack_Free/PNG/collectibles_coin_silver_1.png using Guid(43058d71362f3a648a4b8421a2b8715e) Importer(815301076,1909f56bfc062723c751e8b465ee728b) (PreviewImporter) -> (artifact id: '9d901cc82f8221fbbe312afc8db6fc21') in 0.0749936 seconds
Number of updated asset objects reloaded before import = 0Number of asset objects unloaded after import = 3

========================================================================
Received Import Request.
  Time since last request: 0.000061 seconds.
  path: Assets/Art/Free Assets Pack/Assest Packs/Berie's_Adventure_Seaside_Asset_Pack_Free/PNG/collectibles_coin_silver_3.png
  artifactKey: Guid(de3545b1ca3c00547baf308e62684044) Importer(815301076,1909f56bfc062723c751e8b465ee728b)
Start importing Assets/Art/Free Assets Pack/Assest Packs/Berie's_Adventure_Seaside_Asset_Pack_Free/PNG/collectibles_coin_silver_3.png using Guid(de3545b1ca3c00547baf308e62684044) Importer(815301076,1909f56bfc062723c751e8b465ee728b) (PreviewImporter) -> (artifact id: '00600b1bc5a31ba2cfc41935c8f02644') in 0.0658111 seconds
Number of updated asset objects reloaded before import = 0Number of asset objects unloaded after import = 3

========================================================================
Received Import Request.
  Time since last request: 0.299551 seconds.
  path: Assets/Art/Free Assets Pack/Assest Packs/Berie's_Adventure_Seaside_Asset_Pack_Free/PNG/collectibles_coin_silver_4.png
  artifactKey: Guid(0210ea85598c3674aaf60627b618970c) Importer(815301076,1909f56bfc062723c751e8b465ee728b)
Start importing Assets/Art/Free Assets Pack/Assest Packs/Berie's_Adventure_Seaside_Asset_Pack_Free/PNG/collectibles_coin_silver_4.png using Guid(0210ea85598c3674aaf60627b618970c) Importer(815301076,1909f56bfc062723c751e8b465ee728b) (PreviewImporter) -> (artifact id: 'f24a8d8f93d2fae369e550890d0b858c') in 0.0479588 seconds
Number of updated asset objects reloaded before import = 0Number of asset objects unloaded after import = 3

========================================================================
Received Import Request.
  Time since last request: 0.021834 seconds.
  path: Assets/Art/Free Assets Pack/Assest Packs/Berie's_Adventure_Seaside_Asset_Pack_Free/PNG/collectibles_life1.png
  artifactKey: Guid(79de3149edbc5f74a887b9d3b892af89) Importer(815301076,1909f56bfc062723c751e8b465ee728b)
Start importing Assets/Art/Free Assets Pack/Assest Packs/Berie's_Adventure_Seaside_Asset_Pack_Free/PNG/collectibles_life1.png using Guid(79de3149edbc5f74a887b9d3b892af89) Importer(815301076,1909f56bfc062723c751e8b465ee728b) (PreviewImporter) -> (artifact id: '8cdcaf0889e6586ba584a251cca4c11e') in 0.0587281 seconds
Number of updated asset objects reloaded before import = 0Number of asset objects unloaded after import = 3

========================================================================
Received Import Request.
  Time since last request: 0.157886 seconds.
  path: Assets/Art/Free Assets Pack/Assest Packs/Berie's_Adventure_Seaside_Asset_Pack_Free/PNG/collectibles_life2_2.png
  artifactKey: Guid(57f80194b4a941d41b825fd4a97f3b65) Importer(815301076,1909f56bfc062723c751e8b465ee728b)
Start importing Assets/Art/Free Assets Pack/Assest Packs/Berie's_Adventure_Seaside_Asset_Pack_Free/PNG/collectibles_life2_2.png using Guid(57f80194b4a941d41b825fd4a97f3b65) Importer(815301076,1909f56bfc062723c751e8b465ee728b) (PreviewImporter) -> (artifact id: '8cc25cdd14e53cabbf66e223926223cd') in 0.0407561 seconds
Number of updated asset objects reloaded before import = 0Number of asset objects unloaded after import = 3

========================================================================
Received Import Request.
  Time since last request: 0.000037 seconds.
  path: Assets/Art/Free Assets Pack/Assest Packs/Berie's_Adventure_Seaside_Asset_Pack_Free/PNG/collectibles_life2_5.png
  artifactKey: Guid(138bb1c52a1d56348801632b7f010c98) Importer(815301076,1909f56bfc062723c751e8b465ee728b)
Start importing Assets/Art/Free Assets Pack/Assest Packs/Berie's_Adventure_Seaside_Asset_Pack_Free/PNG/collectibles_life2_5.png using Guid(138bb1c52a1d56348801632b7f010c98) Importer(815301076,1909f56bfc062723c751e8b465ee728b) (PreviewImporter) -> (artifact id: 'dad75455955eb56965fff9a18dc32aec') in 0.0394918 seconds
Number of updated asset objects reloaded before import = 0Number of asset objects unloaded after import = 3

========================================================================
Received Import Request.
  Time since last request: 0.000047 seconds.
  path: Assets/Art/Free Assets Pack/Assest Packs/Berie's_Adventure_Seaside_Asset_Pack_Free/PNG/collectibles_life2_6.png
  artifactKey: Guid(91ff0fd1b205ac147827cf0162e9d52e) Importer(815301076,1909f56bfc062723c751e8b465ee728b)
Start importing Assets/Art/Free Assets Pack/Assest Packs/Berie's_Adventure_Seaside_Asset_Pack_Free/PNG/collectibles_life2_6.png using Guid(91ff0fd1b205ac147827cf0162e9d52e) Importer(815301076,1909f56bfc062723c751e8b465ee728b) (PreviewImporter) -> (artifact id: 'c003ed6a1a38ed31cb74877e8bc1e77a') in 0.0378926 seconds
Number of updated asset objects reloaded before import = 0Number of asset objects unloaded after import = 3

========================================================================
Received Import Request.
  Time since last request: 0.000058 seconds.
  path: Assets/Art/Free Assets Pack/Assest Packs/Berie's_Adventure_Seaside_Asset_Pack_Free/PNG/collectibles_potion_red_1.png
  artifactKey: Guid(ee9a5333ddf0b2d4388dfaedd1b555e5) Importer(815301076,1909f56bfc062723c751e8b465ee728b)
Start importing Assets/Art/Free Assets Pack/Assest Packs/Berie's_Adventure_Seaside_Asset_Pack_Free/PNG/collectibles_potion_red_1.png using Guid(ee9a5333ddf0b2d4388dfaedd1b555e5) Importer(815301076,1909f56bfc062723c751e8b465ee728b) (PreviewImporter) -> (artifact id: 'b7b4b58f502abc9af8dfc9746be9cc8e') in 0.0626121 seconds
Number of updated asset objects reloaded before import = 0Number of asset objects unloaded after import = 3

========================================================================
Received Import Request.
  Time since last request: 0.040054 seconds.
  path: Assets/Art/Free Assets Pack/Assest Packs/Berie's_Adventure_Seaside_Asset_Pack_Free/PNG/collectibles_potion_red_3.png
  artifactKey: Guid(96237579f88b77d4f8a77ea1d99ab5be) Importer(815301076,1909f56bfc062723c751e8b465ee728b)
Start importing Assets/Art/Free Assets Pack/Assest Packs/Berie's_Adventure_Seaside_Asset_Pack_Free/PNG/collectibles_potion_red_3.png using Guid(96237579f88b77d4f8a77ea1d99ab5be) Importer(815301076,1909f56bfc062723c751e8b465ee728b) (PreviewImporter) -> (artifact id: 'aa158a01c9abc39f383297880b11fdc1') in 0.0382001 seconds
Number of updated asset objects reloaded before import = 0Number of asset objects unloaded after import = 3

========================================================================
Received Import Request.
  Time since last request: 0.000039 seconds.
  path: Assets/Art/Free Assets Pack/Assest Packs/Berie's_Adventure_Seaside_Asset_Pack_Free/PNG/collectibles_potion_red_5.png
  artifactKey: Guid(afa6346400a413f4ca414a7eb945a9cb) Importer(815301076,1909f56bfc062723c751e8b465ee728b)
Start importing Assets/Art/Free Assets Pack/Assest Packs/Berie's_Adventure_Seaside_Asset_Pack_Free/PNG/collectibles_potion_red_5.png using Guid(afa6346400a413f4ca414a7eb945a9cb) Importer(815301076,1909f56bfc062723c751e8b465ee728b) (PreviewImporter) -> (artifact id: '3dee2eeaf28d383d69f0dd3ef48b3608') in 0.0421348 seconds
Number of updated asset objects reloaded before import = 0Number of asset objects unloaded after import = 3

========================================================================
Received Import Request.
  Time since last request: 0.000053 seconds.
  path: Assets/Art/Free Assets Pack/Assest Packs/Berie's_Adventure_Seaside_Asset_Pack_Free/PNG/collectibles_potion_red_7.png
  artifactKey: Guid(12d39f0e28fe6a24189850e96efa9072) Importer(815301076,1909f56bfc062723c751e8b465ee728b)
Start importing Assets/Art/Free Assets Pack/Assest Packs/Berie's_Adventure_Seaside_Asset_Pack_Free/PNG/collectibles_potion_red_7.png using Guid(12d39f0e28fe6a24189850e96efa9072) Importer(815301076,1909f56bfc062723c751e8b465ee728b) (PreviewImporter) -> (artifact id: '3a64e8295c283c22c89b002ba6c8ed54') in 0.051406 seconds
Number of updated asset objects reloaded before import = 0Number of asset objects unloaded after import = 3

========================================================================
Received Import Request.
  Time since last request: 0.000057 seconds.
  path: Assets/Art/Free Assets Pack/Assest Packs/Berie's_Adventure_Seaside_Asset_Pack_Free/PNG/collectibles_raspberry_big_4.png
  artifactKey: Guid(8f9d62a550e0a94418b372cfb94af0b8) Importer(815301076,1909f56bfc062723c751e8b465ee728b)
Start importing Assets/Art/Free Assets Pack/Assest Packs/Berie's_Adventure_Seaside_Asset_Pack_Free/PNG/collectibles_raspberry_big_4.png using Guid(8f9d62a550e0a94418b372cfb94af0b8) Importer(815301076,1909f56bfc062723c751e8b465ee728b) (PreviewImporter) -> (artifact id: '3d5f9168ef6f4a409903e808ca9afb99') in 0.0441413 seconds
Number of updated asset objects reloaded before import = 0Number of asset objects unloaded after import = 3

========================================================================
Received Import Request.
  Time since last request: 0.000032 seconds.
  path: Assets/Art/Free Assets Pack/Assest Packs/Berie's_Adventure_Seaside_Asset_Pack_Free/PNG/collectibles_raspberry_big_3.png
  artifactKey: Guid(08fd7f51270fc724db3682f717a3edf5) Importer(815301076,1909f56bfc062723c751e8b465ee728b)
Start importing Assets/Art/Free Assets Pack/Assest Packs/Berie's_Adventure_Seaside_Asset_Pack_Free/PNG/collectibles_raspberry_big_3.png using Guid(08fd7f51270fc724db3682f717a3edf5) Importer(815301076,1909f56bfc062723c751e8b465ee728b) (PreviewImporter) -> (artifact id: '1f9a1641a6dd06982a9ded32d8312299') in 0.0555812 seconds
Number of updated asset objects reloaded before import = 0Number of asset objects unloaded after import = 3

========================================================================
Received Import Request.
  Time since last request: 0.093572 seconds.
  path: Assets/Art/Free Assets Pack/Assest Packs/Berie's_Adventure_Seaside_Asset_Pack_Free/PNG/collectibles_raspberry_big_5.png
  artifactKey: Guid(efd56a1195929054c9301283851edf2b) Importer(815301076,1909f56bfc062723c751e8b465ee728b)
Start importing Assets/Art/Free Assets Pack/Assest Packs/Berie's_Adventure_Seaside_Asset_Pack_Free/PNG/collectibles_raspberry_big_5.png using Guid(efd56a1195929054c9301283851edf2b) Importer(815301076,1909f56bfc062723c751e8b465ee728b) (PreviewImporter) -> (artifact id: '99f614dd864e8a2fdcf9447d83f45e99') in 0.0729871 seconds
Number of updated asset objects reloaded before import = 0Number of asset objects unloaded after import = 3

========================================================================
Received Import Request.
  Time since last request: 0.000033 seconds.
  path: Assets/Art/Free Assets Pack/Assest Packs/Berie's_Adventure_Seaside_Asset_Pack_Free/PNG/collectibles_raspberry_small_4.png
  artifactKey: Guid(6bd273492da590540bc9c8dc87459a00) Importer(815301076,1909f56bfc062723c751e8b465ee728b)
Start importing Assets/Art/Free Assets Pack/Assest Packs/Berie's_Adventure_Seaside_Asset_Pack_Free/PNG/collectibles_raspberry_small_4.png using Guid(6bd273492da590540bc9c8dc87459a00) Importer(815301076,1909f56bfc062723c751e8b465ee728b) (PreviewImporter) -> (artifact id: '77db3289483323185903514a1ce37b87') in 0.0541252 seconds
Number of updated asset objects reloaded before import = 0Number of asset objects unloaded after import = 3

========================================================================
Received Import Request.
  Time since last request: 0.000057 seconds.
  path: Assets/Art/Free Assets Pack/Assest Packs/Berie's_Adventure_Seaside_Asset_Pack_Free/PNG/collectibles_raspberry_small_7.png
  artifactKey: Guid(92052e5f4df0e254499e7c9dce1a6a71) Importer(815301076,1909f56bfc062723c751e8b465ee728b)
Start importing Assets/Art/Free Assets Pack/Assest Packs/Berie's_Adventure_Seaside_Asset_Pack_Free/PNG/collectibles_raspberry_small_7.png using Guid(92052e5f4df0e254499e7c9dce1a6a71) Importer(815301076,1909f56bfc062723c751e8b465ee728b) (PreviewImporter) -> (artifact id: 'dc416e6a174f3c6c31f95066db1cf972') in 0.0427046 seconds
Number of updated asset objects reloaded before import = 0Number of asset objects unloaded after import = 3

========================================================================
Received Import Request.
  Time since last request: 0.000032 seconds.
  path: Assets/Art/Free Assets Pack/Assest Packs/Berie's_Adventure_Seaside_Asset_Pack_Free/PNG/collectibles_treasure_diamond_5.png
  artifactKey: Guid(9728604b853ec224e8c9b2d7e8165931) Importer(815301076,1909f56bfc062723c751e8b465ee728b)
Start importing Assets/Art/Free Assets Pack/Assest Packs/Berie's_Adventure_Seaside_Asset_Pack_Free/PNG/collectibles_treasure_diamond_5.png using Guid(9728604b853ec224e8c9b2d7e8165931) Importer(815301076,1909f56bfc062723c751e8b465ee728b) (PreviewImporter) -> (artifact id: 'e07c8311b22c65afa9df69b00c08b103') in 0.0403463 seconds
Number of updated asset objects reloaded before import = 0Number of asset objects unloaded after import = 3

========================================================================
Received Import Request.
  Time since last request: 0.000043 seconds.
  path: Assets/Art/Free Assets Pack/Assest Packs/Berie's_Adventure_Seaside_Asset_Pack_Free/PNG/collectibles_treasure_diamond_3.png
  artifactKey: Guid(2d9732764a8eb0342b08d3dabb6d3966) Importer(815301076,1909f56bfc062723c751e8b465ee728b)
Start importing Assets/Art/Free Assets Pack/Assest Packs/Berie's_Adventure_Seaside_Asset_Pack_Free/PNG/collectibles_treasure_diamond_3.png using Guid(2d9732764a8eb0342b08d3dabb6d3966) Importer(815301076,1909f56bfc062723c751e8b465ee728b) (PreviewImporter) -> (artifact id: 'ec439326ee36cf797233582aea727dba') in 0.036876 seconds
Number of updated asset objects reloaded before import = 0Number of asset objects unloaded after import = 3

========================================================================
Received Import Request.
  Time since last request: 0.000046 seconds.
  path: Assets/Art/Free Assets Pack/Assest Packs/Berie's_Adventure_Seaside_Asset_Pack_Free/PNG/collectibles_treasure_ruby_static.png
  artifactKey: Guid(819a9edd6ca83df4789222b76ff4fc5f) Importer(815301076,1909f56bfc062723c751e8b465ee728b)
Start importing Assets/Art/Free Assets Pack/Assest Packs/Berie's_Adventure_Seaside_Asset_Pack_Free/PNG/collectibles_treasure_ruby_static.png using Guid(819a9edd6ca83df4789222b76ff4fc5f) Importer(815301076,1909f56bfc062723c751e8b465ee728b) (PreviewImporter) -> (artifact id: '03cec269bf12f22566df8b0823c02da6') in 0.0418722 seconds
Number of updated asset objects reloaded before import = 0Number of asset objects unloaded after import = 3

========================================================================
Received Import Request.
  Time since last request: 0.000031 seconds.
  path: Assets/Art/Free Assets Pack/Assest Packs/Berie's_Adventure_Seaside_Asset_Pack_Free/PNG/collectibles_treasure_emerald_4.png
  artifactKey: Guid(f9fd176ccf999454ca4ae0661ae8bffe) Importer(815301076,1909f56bfc062723c751e8b465ee728b)
Start importing Assets/Art/Free Assets Pack/Assest Packs/Berie's_Adventure_Seaside_Asset_Pack_Free/PNG/collectibles_treasure_emerald_4.png using Guid(f9fd176ccf999454ca4ae0661ae8bffe) Importer(815301076,1909f56bfc062723c751e8b465ee728b) (PreviewImporter) -> (artifact id: 'f862997cd9a1591624d1187ebe5ae32c') in 0.0416166 seconds
Number of updated asset objects reloaded before import = 0Number of asset objects unloaded after import = 3

========================================================================
Received Import Request.
  Time since last request: 0.000035 seconds.
  path: Assets/Art/Free Assets Pack/Assest Packs/Berie's_Adventure_Seaside_Asset_Pack_Free/PNG/collectibles_raspberry_small_1.png
  artifactKey: Guid(8cc4268074388c248ae854b9656076b7) Importer(815301076,1909f56bfc062723c751e8b465ee728b)
Start importing Assets/Art/Free Assets Pack/Assest Packs/Berie's_Adventure_Seaside_Asset_Pack_Free/PNG/collectibles_raspberry_small_1.png using Guid(8cc4268074388c248ae854b9656076b7) Importer(815301076,1909f56bfc062723c751e8b465ee728b) (PreviewImporter) -> (artifact id: 'a8214b345aefac0459690eb40383d580') in 0.0455382 seconds
Number of updated asset objects reloaded before import = 0Number of asset objects unloaded after import = 3

========================================================================
Received Import Request.
  Time since last request: 0.000064 seconds.
  path: Assets/Art/Free Assets Pack/Assest Packs/Berie's_Adventure_Seaside_Asset_Pack_Free/PNG/object_barrel_heavy_idle.png
  artifactKey: Guid(4b691e32ff840894bb4cbce723d56ba1) Importer(815301076,1909f56bfc062723c751e8b465ee728b)
Start importing Assets/Art/Free Assets Pack/Assest Packs/Berie's_Adventure_Seaside_Asset_Pack_Free/PNG/object_barrel_heavy_idle.png using Guid(4b691e32ff840894bb4cbce723d56ba1) Importer(815301076,1909f56bfc062723c751e8b465ee728b) (PreviewImporter) -> (artifact id: 'b8aa7f8173fcf23c62879ab57c34c810') in 0.0386311 seconds
Number of updated asset objects reloaded before import = 0Number of asset objects unloaded after import = 3

========================================================================
Received Import Request.
  Time since last request: 0.000031 seconds.
  path: Assets/Art/Free Assets Pack/Assest Packs/Berie's_Adventure_Seaside_Asset_Pack_Free/PNG/object_barrel_life_explode2.png
  artifactKey: Guid(5e817d0bbe5ffd8419a1b011fd61cdb3) Importer(815301076,1909f56bfc062723c751e8b465ee728b)
Start importing Assets/Art/Free Assets Pack/Assest Packs/Berie's_Adventure_Seaside_Asset_Pack_Free/PNG/object_barrel_life_explode2.png using Guid(5e817d0bbe5ffd8419a1b011fd61cdb3) Importer(815301076,1909f56bfc062723c751e8b465ee728b) (PreviewImporter) -> (artifact id: '8ed6e150aedf16fb2f3e7bdb265d477d') in 0.0543919 seconds
Number of updated asset objects reloaded before import = 0Number of asset objects unloaded after import = 4

========================================================================
Received Import Request.
  Time since last request: 0.000054 seconds.
  path: Assets/Art/Free Assets Pack/Assest Packs/Berie's_Adventure_Seaside_Asset_Pack_Free/PNG/object_barrel_life_explode4.png
  artifactKey: Guid(959ee090eb0561f4badb439cae680d06) Importer(815301076,1909f56bfc062723c751e8b465ee728b)
Start importing Assets/Art/Free Assets Pack/Assest Packs/Berie's_Adventure_Seaside_Asset_Pack_Free/PNG/object_barrel_life_explode4.png using Guid(959ee090eb0561f4badb439cae680d06) Importer(815301076,1909f56bfc062723c751e8b465ee728b) (PreviewImporter) -> (artifact id: '616406c7eea51576587b8409f3ea3dd9') in 0.0459819 seconds
Number of updated asset objects reloaded before import = 0Number of asset objects unloaded after import = 4

========================================================================
Received Import Request.
  Time since last request: 0.000047 seconds.
  path: Assets/Art/Free Assets Pack/Assest Packs/Berie's_Adventure_Seaside_Asset_Pack_Free/PNG/object_barrel_life_idle.png
  artifactKey: Guid(b721463abb866c841ac352eee7404ecf) Importer(815301076,1909f56bfc062723c751e8b465ee728b)
Start importing Assets/Art/Free Assets Pack/Assest Packs/Berie's_Adventure_Seaside_Asset_Pack_Free/PNG/object_barrel_life_idle.png using Guid(b721463abb866c841ac352eee7404ecf) Importer(815301076,1909f56bfc062723c751e8b465ee728b) (PreviewImporter) -> (artifact id: 'cee738ea671bb145080c83be86d72a78') in 0.033812 seconds
Number of updated asset objects reloaded before import = 0Number of asset objects unloaded after import = 3

========================================================================
Received Import Request.
  Time since last request: 0.000037 seconds.
  path: Assets/Art/Free Assets Pack/Assest Packs/Berie's_Adventure_Seaside_Asset_Pack_Free/PNG/object_barrel_light_explode_3.png
  artifactKey: Guid(44a87e136e9a00448afc1aef43f343af) Importer(815301076,1909f56bfc062723c751e8b465ee728b)
Start importing Assets/Art/Free Assets Pack/Assest Packs/Berie's_Adventure_Seaside_Asset_Pack_Free/PNG/object_barrel_light_explode_3.png using Guid(44a87e136e9a00448afc1aef43f343af) Importer(815301076,1909f56bfc062723c751e8b465ee728b) (PreviewImporter) -> (artifact id: 'fca3aedca6ff66f0d3f876dee8771dea') in 0.0804455 seconds
Number of updated asset objects reloaded before import = 0Number of asset objects unloaded after import = 7

========================================================================
Received Import Request.
  Time since last request: 0.000034 seconds.
  path: Assets/Art/Free Assets Pack/Assest Packs/Berie's_Adventure_Seaside_Asset_Pack_Free/PNG/tilemap_new_softy_sand.png
  artifactKey: Guid(fcbcf40fcdbfa9f42b9a82b83ba4a253) Importer(815301076,1909f56bfc062723c751e8b465ee728b)
Start importing Assets/Art/Free Assets Pack/Assest Packs/Berie's_Adventure_Seaside_Asset_Pack_Free/PNG/tilemap_new_softy_sand.png using Guid(fcbcf40fcdbfa9f42b9a82b83ba4a253) Importer(815301076,1909f56bfc062723c751e8b465ee728b) (PreviewImporter) -> (artifact id: 'aec48190aefada544b30142befe1cf53') in 0.0476077 seconds
Number of updated asset objects reloaded before import = 0Number of asset objects unloaded after import = 3

========================================================================
Received Import Request.
  Time since last request: 0.000065 seconds.
  path: Assets/Art/Free Assets Pack/Assest Packs/Berie's_Adventure_Seaside_Asset_Pack_Free/PNG/trap_bomb_alert3_1.png
  artifactKey: Guid(dd6d500b3b6633445b61e706cb15a83f) Importer(815301076,1909f56bfc062723c751e8b465ee728b)
Start importing Assets/Art/Free Assets Pack/Assest Packs/Berie's_Adventure_Seaside_Asset_Pack_Free/PNG/trap_bomb_alert3_1.png using Guid(dd6d500b3b6633445b61e706cb15a83f) Importer(815301076,1909f56bfc062723c751e8b465ee728b) (PreviewImporter) -> (artifact id: '2e17fc118477c34e3f0f99c46470f996') in 0.0537637 seconds
Number of updated asset objects reloaded before import = 0Number of asset objects unloaded after import = 3

========================================================================
Received Import Request.
  Time since last request: 0.000034 seconds.
  path: Assets/Art/Free Assets Pack/Assest Packs/Berie's_Adventure_Seaside_Asset_Pack_Free/PNG/object_barrel_light_explode_1.png
  artifactKey: Guid(e9453fe8fe084134690f674d9d6a4078) Importer(815301076,1909f56bfc062723c751e8b465ee728b)
Start importing Assets/Art/Free Assets Pack/Assest Packs/Berie's_Adventure_Seaside_Asset_Pack_Free/PNG/object_barrel_light_explode_1.png using Guid(e9453fe8fe084134690f674d9d6a4078) Importer(815301076,1909f56bfc062723c751e8b465ee728b) (PreviewImporter) -> (artifact id: 'fdda02e227e790bcaa8c65c32caf4251') in 0.0508271 seconds
Number of updated asset objects reloaded before import = 0Number of asset objects unloaded after import = 3

========================================================================
Received Import Request.
  Time since last request: 0.000037 seconds.
  path: Assets/Art/Free Assets Pack/Assest Packs/Berie's_Adventure_Seaside_Asset_Pack_Free/PNG/trap_bomb_alert2_1.png
  artifactKey: Guid(65afb1adb16206d4faaf72b5c3312a88) Importer(815301076,1909f56bfc062723c751e8b465ee728b)
Start importing Assets/Art/Free Assets Pack/Assest Packs/Berie's_Adventure_Seaside_Asset_Pack_Free/PNG/trap_bomb_alert2_1.png using Guid(65afb1adb16206d4faaf72b5c3312a88) Importer(815301076,1909f56bfc062723c751e8b465ee728b) (PreviewImporter) -> (artifact id: 'fd8b1c8958e924f5ee429b67584a854a') in 0.0490182 seconds
Number of updated asset objects reloaded before import = 0Number of asset objects unloaded after import = 3

========================================================================
Received Import Request.
  Time since last request: 0.000079 seconds.
  path: Assets/Art/Free Assets Pack/Assest Packs/Berie's_Adventure_Seaside_Asset_Pack_Free/PNG/object_barrel_light_explode_2.png
  artifactKey: Guid(9d25e1be7dcaf06489be66c60201762b) Importer(815301076,1909f56bfc062723c751e8b465ee728b)
Start importing Assets/Art/Free Assets Pack/Assest Packs/Berie's_Adventure_Seaside_Asset_Pack_Free/PNG/object_barrel_light_explode_2.png using Guid(9d25e1be7dcaf06489be66c60201762b) Importer(815301076,1909f56bfc062723c751e8b465ee728b) (PreviewImporter) -> (artifact id: 'f72176b2c600ed8d37b95483de6c3ed1') in 0.0748843 seconds
Number of updated asset objects reloaded before import = 0Number of asset objects unloaded after import = 6

========================================================================
Received Import Request.
  Time since last request: 0.000027 seconds.
  path: Assets/Art/Free Assets Pack/Assest Packs/Berie's_Adventure_Seaside_Asset_Pack_Free/PNG/trap_bomb_alert3_2.png
  artifactKey: Guid(85771c701b42a74478047cd4d44c91c7) Importer(815301076,1909f56bfc062723c751e8b465ee728b)
Start importing Assets/Art/Free Assets Pack/Assest Packs/Berie's_Adventure_Seaside_Asset_Pack_Free/PNG/trap_bomb_alert3_2.png using Guid(85771c701b42a74478047cd4d44c91c7) Importer(815301076,1909f56bfc062723c751e8b465ee728b) (PreviewImporter) -> (artifact id: '9113d8577b81adea46588898b8189bd9') in 0.1735472 seconds
Number of updated asset objects reloaded before import = 0Number of asset objects unloaded after import = 3

========================================================================
Received Import Request.
  Time since last request: 0.000033 seconds.
  path: Assets/Art/Free Assets Pack/Assest Packs/Berie's_Adventure_Seaside_Asset_Pack_Free/PNG/object_barrel_life_explode5.png
  artifactKey: Guid(e4d909e4df992b54fbb3910f55e8a5b0) Importer(815301076,1909f56bfc062723c751e8b465ee728b)
Start importing Assets/Art/Free Assets Pack/Assest Packs/Berie's_Adventure_Seaside_Asset_Pack_Free/PNG/object_barrel_life_explode5.png using Guid(e4d909e4df992b54fbb3910f55e8a5b0) Importer(815301076,1909f56bfc062723c751e8b465ee728b) (PreviewImporter) -> (artifact id: '55d9663ddf03c3086390b592f7b9d6d2') in 0.0444346 seconds
Number of updated asset objects reloaded before import = 0Number of asset objects unloaded after import = 3

========================================================================
Received Import Request.
  Time since last request: 0.000049 seconds.
  path: Assets/Art/Free Assets Pack/Assest Packs/Berie's_Adventure_Seaside_Asset_Pack_Free/PNG/collectibles_raspberry_small_8.png
  artifactKey: Guid(547cd740fccd148448c0e8061e6dd9e4) Importer(815301076,1909f56bfc062723c751e8b465ee728b)
Start importing Assets/Art/Free Assets Pack/Assest Packs/Berie's_Adventure_Seaside_Asset_Pack_Free/PNG/collectibles_raspberry_small_8.png using Guid(547cd740fccd148448c0e8061e6dd9e4) Importer(815301076,1909f56bfc062723c751e8b465ee728b) (PreviewImporter) -> (artifact id: '392afa003ab6c42550bca043a110407e') in 0.0574206 seconds
Number of updated asset objects reloaded before import = 0Number of asset objects unloaded after import = 3

========================================================================
Received Import Request.
  Time since last request: 0.000036 seconds.
  path: Assets/Art/Free Assets Pack/Assest Packs/Berie's_Adventure_Seaside_Asset_Pack_Free/PNG/object_barrel_heavy_explode_6.png
  artifactKey: Guid(4beb51ac33e5c8f489d56ccdfe8be242) Importer(815301076,1909f56bfc062723c751e8b465ee728b)
Start importing Assets/Art/Free Assets Pack/Assest Packs/Berie's_Adventure_Seaside_Asset_Pack_Free/PNG/object_barrel_heavy_explode_6.png using Guid(4beb51ac33e5c8f489d56ccdfe8be242) Importer(815301076,1909f56bfc062723c751e8b465ee728b) (PreviewImporter) -> (artifact id: '22d126b194798caef5f0fea66048ada9') in 0.0587413 seconds
Number of updated asset objects reloaded before import = 0Number of asset objects unloaded after import = 3

========================================================================
Received Import Request.
  Time since last request: 0.000044 seconds.
  path: Assets/Art/Free Assets Pack/Assest Packs/Berie's_Adventure_Seaside_Asset_Pack_Free/PNG/object_barrel_heavy_impact_2.png
  artifactKey: Guid(cff8f411604874446a769b89f0cab9d0) Importer(815301076,1909f56bfc062723c751e8b465ee728b)
Start importing Assets/Art/Free Assets Pack/Assest Packs/Berie's_Adventure_Seaside_Asset_Pack_Free/PNG/object_barrel_heavy_impact_2.png using Guid(cff8f411604874446a769b89f0cab9d0) Importer(815301076,1909f56bfc062723c751e8b465ee728b) (PreviewImporter) -> (artifact id: 'e4d548b08e0e2bb552e7f4ae606999f1') in 0.0471986 seconds
Number of updated asset objects reloaded before import = 0Number of asset objects unloaded after import = 3

========================================================================
Received Import Request.
  Time since last request: 0.000049 seconds.
  path: Assets/Art/Free Assets Pack/Assest Packs/Berie's_Adventure_Seaside_Asset_Pack_Free/PNG/collectibles_treasure_diamond_4.png
  artifactKey: Guid(46d48213ed87c9a4cbe7986db52b1b22) Importer(815301076,1909f56bfc062723c751e8b465ee728b)
Start importing Assets/Art/Free Assets Pack/Assest Packs/Berie's_Adventure_Seaside_Asset_Pack_Free/PNG/collectibles_treasure_diamond_4.png using Guid(46d48213ed87c9a4cbe7986db52b1b22) Importer(815301076,1909f56bfc062723c751e8b465ee728b) (PreviewImporter) -> (artifact id: '3af1b7cece08058703c3bc89ef3da7c6') in 0.037933 seconds
Number of updated asset objects reloaded before import = 0Number of asset objects unloaded after import = 3

========================================================================
Received Import Request.
  Time since last request: 0.000028 seconds.
  path: Assets/Art/Free Assets Pack/Assest Packs/Berie's_Adventure_Seaside_Asset_Pack_Free/PNG/trap_bomb_explosion_2.png
  artifactKey: Guid(6450967151bcd494a890138c7467c3a5) Importer(815301076,1909f56bfc062723c751e8b465ee728b)
Start importing Assets/Art/Free Assets Pack/Assest Packs/Berie's_Adventure_Seaside_Asset_Pack_Free/PNG/trap_bomb_explosion_2.png using Guid(6450967151bcd494a890138c7467c3a5) Importer(815301076,1909f56bfc062723c751e8b465ee728b) (PreviewImporter) -> (artifact id: '46242db2a1b684680c3d7ce354ec6da5') in 0.0472309 seconds
Number of updated asset objects reloaded before import = 0Number of asset objects unloaded after import = 3

========================================================================
Received Import Request.
  Time since last request: 0.000044 seconds.
  path: Assets/Art/Free Assets Pack/Assest Packs/Berie's_Adventure_Seaside_Asset_Pack_Free/PNG/trap_bomb_explosion_3.png
  artifactKey: Guid(286dcb7b657cbde48847d22f491fd429) Importer(815301076,1909f56bfc062723c751e8b465ee728b)
Start importing Assets/Art/Free Assets Pack/Assest Packs/Berie's_Adventure_Seaside_Asset_Pack_Free/PNG/trap_bomb_explosion_3.png using Guid(286dcb7b657cbde48847d22f491fd429) Importer(815301076,1909f56bfc062723c751e8b465ee728b) (PreviewImporter) -> (artifact id: 'f7f8babd1b9e1e16e63a8d942a06ca63') in 0.0458894 seconds
Number of updated asset objects reloaded before import = 0Number of asset objects unloaded after import = 3

========================================================================
Received Import Request.
  Time since last request: 0.000049 seconds.
  path: Assets/Art/Free Assets Pack/Assest Packs/Berie's_Adventure_Seaside_Asset_Pack_Free/PNG/object_barrel_heavy_explode_4.png
  artifactKey: Guid(0359225575994e245a17c03b2f2b2935) Importer(815301076,1909f56bfc062723c751e8b465ee728b)
Start importing Assets/Art/Free Assets Pack/Assest Packs/Berie's_Adventure_Seaside_Asset_Pack_Free/PNG/object_barrel_heavy_explode_4.png using Guid(0359225575994e245a17c03b2f2b2935) Importer(815301076,1909f56bfc062723c751e8b465ee728b) (PreviewImporter) -> (artifact id: '0fc579c09c156c9646f4bc2f3e2be83a') in 0.0648384 seconds
Number of updated asset objects reloaded before import = 0Number of asset objects unloaded after import = 4

========================================================================
Received Import Request.
  Time since last request: 0.000025 seconds.
  path: Assets/Art/Free Assets Pack/Assest Packs/Berie's_Adventure_Seaside_Asset_Pack_Free/PNG/trap_bomb_explosion_6.png
  artifactKey: Guid(cbf6586df05ce214db2c3ce67a75d535) Importer(815301076,1909f56bfc062723c751e8b465ee728b)
Start importing Assets/Art/Free Assets Pack/Assest Packs/Berie's_Adventure_Seaside_Asset_Pack_Free/PNG/trap_bomb_explosion_6.png using Guid(cbf6586df05ce214db2c3ce67a75d535) Importer(815301076,1909f56bfc062723c751e8b465ee728b) (PreviewImporter) -> (artifact id: '1ad22ec365a9edb3d78fb14660e084ee') in 0.0605662 seconds
Number of updated asset objects reloaded before import = 0Number of asset objects unloaded after import = 3

========================================================================
Received Import Request.
  Time since last request: 0.000051 seconds.
  path: Assets/Art/Free Assets Pack/Assest Packs/Berie's_Adventure_Seaside_Asset_Pack_Free/PNG/trap_bomb_explosion_7.png
  artifactKey: Guid(30344f73611e26743ab9b6bbc981b2f6) Importer(815301076,1909f56bfc062723c751e8b465ee728b)
Start importing Assets/Art/Free Assets Pack/Assest Packs/Berie's_Adventure_Seaside_Asset_Pack_Free/PNG/trap_bomb_explosion_7.png using Guid(30344f73611e26743ab9b6bbc981b2f6) Importer(815301076,1909f56bfc062723c751e8b465ee728b) (PreviewImporter) -> (artifact id: 'bd84153d4310b8dd2aec4c03074e422a') in 0.1085016 seconds
Number of updated asset objects reloaded before import = 0Number of asset objects unloaded after import = 8

========================================================================
Received Import Request.
  Time since last request: 0.000052 seconds.
  path: Assets/Art/Free Assets Pack/Assest Packs/Berie's_Adventure_Seaside_Asset_Pack_Free/PNG/trap_bomb_alert1_2.png
  artifactKey: Guid(200f2c30c54aab846a0bdb062df9a398) Importer(815301076,1909f56bfc062723c751e8b465ee728b)
Start importing Assets/Art/Free Assets Pack/Assest Packs/Berie's_Adventure_Seaside_Asset_Pack_Free/PNG/trap_bomb_alert1_2.png using Guid(200f2c30c54aab846a0bdb062df9a398) Importer(815301076,1909f56bfc062723c751e8b465ee728b) (PreviewImporter) -> (artifact id: '9e0ff4e5eefb07f9e8bc290609f882b6') in 0.0669168 seconds
Number of updated asset objects reloaded before import = 0Number of asset objects unloaded after import = 3

========================================================================
Received Import Request.
  Time since last request: 1.848412 seconds.
  path: Assets/Art/Free Assets Pack/Assest Packs/Berie's_Adventure_Seaside_Asset_Pack_Free/PNG/trap_bomb_explosion_8.png
  artifactKey: Guid(6dd9270e933e57e4d8a009335fe09463) Importer(815301076,1909f56bfc062723c751e8b465ee728b)
Start importing Assets/Art/Free Assets Pack/Assest Packs/Berie's_Adventure_Seaside_Asset_Pack_Free/PNG/trap_bomb_explosion_8.png using Guid(6dd9270e933e57e4d8a009335fe09463) Importer(815301076,1909f56bfc062723c751e8b465ee728b) (PreviewImporter) -> (artifact id: 'd922af838a2b63c1e2526e92f6322f6c') in 0.0425641 seconds
Number of updated asset objects reloaded before import = 0Number of asset objects unloaded after import = 3

========================================================================
Received Import Request.
  Time since last request: 22.491578 seconds.
  path: Assets/Art/Free Assets Pack/Assest Packs/Berie's_Adventure_Seaside_Asset_Pack_Free/PNG/trap_bomb_explosion_9.png
  artifactKey: Guid(19e1ea06981c6a246a4883a4d1fe1750) Importer(815301076,1909f56bfc062723c751e8b465ee728b)
Start importing Assets/Art/Free Assets Pack/Assest Packs/Berie's_Adventure_Seaside_Asset_Pack_Free/PNG/trap_bomb_explosion_9.png using Guid(19e1ea06981c6a246a4883a4d1fe1750) Importer(815301076,1909f56bfc062723c751e8b465ee728b) (PreviewImporter) -> (artifact id: '0805e9243b66f0dc9b38ce9668eb0e10') in 0.0432764 seconds
Number of updated asset objects reloaded before import = 0Number of asset objects unloaded after import = 3

========================================================================
Received Import Request.
  Time since last request: 0.000046 seconds.
  path: Assets/Art/Free Assets Pack/Assest Packs/Berie's_Adventure_Seaside_Asset_Pack_Free/PNG/trap_bomb_impact_1.png
  artifactKey: Guid(a981d7bdca4fc50498e7ecb7ccf032ee) Importer(815301076,1909f56bfc062723c751e8b465ee728b)
Start importing Assets/Art/Free Assets Pack/Assest Packs/Berie's_Adventure_Seaside_Asset_Pack_Free/PNG/trap_bomb_impact_1.png using Guid(a981d7bdca4fc50498e7ecb7ccf032ee) Importer(815301076,1909f56bfc062723c751e8b465ee728b) (PreviewImporter) -> (artifact id: 'b6eef81a4f531b6fe1956f6337a847da') in 0.0399585 seconds
Number of updated asset objects reloaded before import = 0Number of asset objects unloaded after import = 3

========================================================================
Received Import Request.
  Time since last request: 0.000050 seconds.
  path: Assets/Art/Free Assets Pack/Assest Packs/Berie's_Adventure_Seaside_Asset_Pack_Free/PNG/trap_bomb_impact_4.png
  artifactKey: Guid(7aad9419c9b8dbe4f83acd3974dbe5e8) Importer(815301076,1909f56bfc062723c751e8b465ee728b)
Start importing Assets/Art/Free Assets Pack/Assest Packs/Berie's_Adventure_Seaside_Asset_Pack_Free/PNG/trap_bomb_impact_4.png using Guid(7aad9419c9b8dbe4f83acd3974dbe5e8) Importer(815301076,1909f56bfc062723c751e8b465ee728b) (PreviewImporter) -> (artifact id: 'e1290e5326d220f6f05682668d5e9907') in 0.0403227 seconds
Number of updated asset objects reloaded before import = 0Number of asset objects unloaded after import = 3

========================================================================
Received Import Request.
  Time since last request: 0.000033 seconds.
  path: Assets/Art/Free Assets Pack/Assest Packs/Berie's_Adventure_Seaside_Asset_Pack_Free/PNG/vegetatation_grass_small3.png
  artifactKey: Guid(16f9596bec0602b4092e284ea8847623) Importer(815301076,1909f56bfc062723c751e8b465ee728b)
Start importing Assets/Art/Free Assets Pack/Assest Packs/Berie's_Adventure_Seaside_Asset_Pack_Free/PNG/vegetatation_grass_small3.png using Guid(16f9596bec0602b4092e284ea8847623) Importer(815301076,1909f56bfc062723c751e8b465ee728b) (PreviewImporter) -> (artifact id: 'bbc41c3e3b932d758e1a0aad468d4e5f') in 0.0412512 seconds
Number of updated asset objects reloaded before import = 0Number of asset objects unloaded after import = 3

========================================================================
Received Import Request.
  Time since last request: 0.000054 seconds.
  path: Assets/Art/Free Assets Pack/Assest Packs/Berie's_Adventure_Seaside_Asset_Pack_Free/PNG/vegetatation_grass_small_row1_2.png
  artifactKey: Guid(26c4f5e013cd87046819a51eb4545939) Importer(815301076,1909f56bfc062723c751e8b465ee728b)
Start importing Assets/Art/Free Assets Pack/Assest Packs/Berie's_Adventure_Seaside_Asset_Pack_Free/PNG/vegetatation_grass_small_row1_2.png using Guid(26c4f5e013cd87046819a51eb4545939) Importer(815301076,1909f56bfc062723c751e8b465ee728b) (PreviewImporter) -> (artifact id: '0c627bf4862a31a9c9c40e8f85b6892d') in 0.0614877 seconds
Number of updated asset objects reloaded before import = 0Number of asset objects unloaded after import = 3

========================================================================
Received Import Request.
  Time since last request: 0.000047 seconds.
  path: Assets/Art/Free Assets Pack/Assest Packs/Berie's_Adventure_Seaside_Asset_Pack_Free/PNG/vegetation_tree_palm1.png
  artifactKey: Guid(abfd3eac49c59504e815965e01f26c13) Importer(815301076,1909f56bfc062723c751e8b465ee728b)
Start importing Assets/Art/Free Assets Pack/Assest Packs/Berie's_Adventure_Seaside_Asset_Pack_Free/PNG/vegetation_tree_palm1.png using Guid(abfd3eac49c59504e815965e01f26c13) Importer(815301076,1909f56bfc062723c751e8b465ee728b) (PreviewImporter) -> (artifact id: '361b17def37c28526ab014db8d182d7d') in 0.0452566 seconds
Number of updated asset objects reloaded before import = 0Number of asset objects unloaded after import = 3

========================================================================
Received Import Request.
  Time since last request: 0.000032 seconds.
  path: Assets/Art/Free Assets Pack/Assest Packs/Berie's_Adventure_Seaside_Asset_Pack_Free/PNG/vegetation_tree_palm5.png
  artifactKey: Guid(359b528a484d5a04185958bb3bf11d3f) Importer(815301076,1909f56bfc062723c751e8b465ee728b)
Start importing Assets/Art/Free Assets Pack/Assest Packs/Berie's_Adventure_Seaside_Asset_Pack_Free/PNG/vegetation_tree_palm5.png using Guid(359b528a484d5a04185958bb3bf11d3f) Importer(815301076,1909f56bfc062723c751e8b465ee728b) (PreviewImporter) -> (artifact id: '772647d0c6ebc4324664a29da3459a25') in 0.0411451 seconds
Number of updated asset objects reloaded before import = 0Number of asset objects unloaded after import = 3

========================================================================
Received Import Request.
  Time since last request: 0.000041 seconds.
  path: Assets/Art/Free Assets Pack/Assest Packs/Berie's_Adventure_Seaside_Asset_Pack_Free/PNG/vfx_effect_coin_1.png
  artifactKey: Guid(d7282f3e9ce568b42bdf518530be41b5) Importer(815301076,1909f56bfc062723c751e8b465ee728b)
Start importing Assets/Art/Free Assets Pack/Assest Packs/Berie's_Adventure_Seaside_Asset_Pack_Free/PNG/vfx_effect_coin_1.png using Guid(d7282f3e9ce568b42bdf518530be41b5) Importer(815301076,1909f56bfc062723c751e8b465ee728b) (PreviewImporter) -> (artifact id: '206a48c958d5dce2b59edc592c8366ec') in 0.0572529 seconds
Number of updated asset objects reloaded before import = 0Number of asset objects unloaded after import = 3

========================================================================
Received Import Request.
  Time since last request: 0.000058 seconds.
  path: Assets/Art/Free Assets Pack/Assest Packs/Berie's_Adventure_Seaside_Asset_Pack_Free/PNG/vfx_effect_coin_3.png
  artifactKey: Guid(36bf0a0e487471c49885b8105248d556) Importer(815301076,1909f56bfc062723c751e8b465ee728b)
Start importing Assets/Art/Free Assets Pack/Assest Packs/Berie's_Adventure_Seaside_Asset_Pack_Free/PNG/vfx_effect_coin_3.png using Guid(36bf0a0e487471c49885b8105248d556) Importer(815301076,1909f56bfc062723c751e8b465ee728b) (PreviewImporter) -> (artifact id: '3ce4f116fffb9693a981cdc056207102') in 0.0412486 seconds
Number of updated asset objects reloaded before import = 0Number of asset objects unloaded after import = 3

========================================================================
Received Import Request.
  Time since last request: 0.000025 seconds.
  path: Assets/Art/Free Assets Pack/Assest Packs/Berie's_Adventure_Seaside_Asset_Pack_Free/PNG/vegetatation_grass_small_row3_1.png
  artifactKey: Guid(92dec08cc65663444a84e319d1c28874) Importer(815301076,1909f56bfc062723c751e8b465ee728b)
Start importing Assets/Art/Free Assets Pack/Assest Packs/Berie's_Adventure_Seaside_Asset_Pack_Free/PNG/vegetatation_grass_small_row3_1.png using Guid(92dec08cc65663444a84e319d1c28874) Importer(815301076,1909f56bfc062723c751e8b465ee728b) (PreviewImporter) -> (artifact id: '81525e969ecc43dad410a9f7a0877f3e') in 0.0447635 seconds
Number of updated asset objects reloaded before import = 0Number of asset objects unloaded after import = 3

========================================================================
Received Import Request.
  Time since last request: 0.000040 seconds.
  path: Assets/Art/Free Assets Pack/Assest Packs/Berie's_Adventure_Seaside_Asset_Pack_Free/PNG/vfx_effect_consume_1.png
  artifactKey: Guid(0b08781401887144997dc322800332cb) Importer(815301076,1909f56bfc062723c751e8b465ee728b)
Start importing Assets/Art/Free Assets Pack/Assest Packs/Berie's_Adventure_Seaside_Asset_Pack_Free/PNG/vfx_effect_consume_1.png using Guid(0b08781401887144997dc322800332cb) Importer(815301076,1909f56bfc062723c751e8b465ee728b) (PreviewImporter) -> (artifact id: '2959bf6d3ebfe02e86d55f64ab9ef843') in 0.0700321 seconds
Number of updated asset objects reloaded before import = 0Number of asset objects unloaded after import = 5

========================================================================
Received Import Request.
  Time since last request: 0.000058 seconds.
  path: Assets/Art/Free Assets Pack/Assest Packs/Berie's_Adventure_Seaside_Asset_Pack_Free/PNG/vfx_effect_consume_5.png
  artifactKey: Guid(86b78b9f28278a14ca1fab88dde99d16) Importer(815301076,1909f56bfc062723c751e8b465ee728b)
Start importing Assets/Art/Free Assets Pack/Assest Packs/Berie's_Adventure_Seaside_Asset_Pack_Free/PNG/vfx_effect_consume_5.png using Guid(86b78b9f28278a14ca1fab88dde99d16) Importer(815301076,1909f56bfc062723c751e8b465ee728b) (PreviewImporter) -> (artifact id: 'bd3bc5f73c7b91138c45ed185f8da219') in 0.0532891 seconds
Number of updated asset objects reloaded before import = 0Number of asset objects unloaded after import = 3

========================================================================
Received Import Request.
  Time since last request: 0.000030 seconds.
  path: Assets/Art/Free Assets Pack/Assest Packs/Berie's_Adventure_Seaside_Asset_Pack_Free/PNG/vegetatation_grass_small1.png
  artifactKey: Guid(224311dcf00cddb488489dabd9435177) Importer(815301076,1909f56bfc062723c751e8b465ee728b)
Start importing Assets/Art/Free Assets Pack/Assest Packs/Berie's_Adventure_Seaside_Asset_Pack_Free/PNG/vegetatation_grass_small1.png using Guid(224311dcf00cddb488489dabd9435177) Importer(815301076,1909f56bfc062723c751e8b465ee728b) (PreviewImporter) -> (artifact id: '36295965944fc09a1ccd17799ed18a98') in 0.0470668 seconds
Number of updated asset objects reloaded before import = 0Number of asset objects unloaded after import = 3

========================================================================
Received Import Request.
  Time since last request: 0.000044 seconds.
  path: Assets/Art/Free Assets Pack/Assest Packs/Berie's_Adventure_Seaside_Asset_Pack_Free/PNG/trap_spike_3.png
  artifactKey: Guid(a1d41361a3b0f8a4d9e6a03ed14d2888) Importer(815301076,1909f56bfc062723c751e8b465ee728b)
Start importing Assets/Art/Free Assets Pack/Assest Packs/Berie's_Adventure_Seaside_Asset_Pack_Free/PNG/trap_spike_3.png using Guid(a1d41361a3b0f8a4d9e6a03ed14d2888) Importer(815301076,1909f56bfc062723c751e8b465ee728b) (PreviewImporter) -> (artifact id: '3d12bccf5c50571abfda08ccf517e092') in 0.0831167 seconds
Number of updated asset objects reloaded before import = 0Number of asset objects unloaded after import = 6

========================================================================
Received Import Request.
  Time since last request: 0.000052 seconds.
  path: Assets/Art/Free Assets Pack/Assest Packs/Berie's_Adventure_Seaside_Asset_Pack_Free/PNG/vegetatation_grass_small_row3_3.png
  artifactKey: Guid(d955e2acaea139143b82c46113510869) Importer(815301076,1909f56bfc062723c751e8b465ee728b)
Start importing Assets/Art/Free Assets Pack/Assest Packs/Berie's_Adventure_Seaside_Asset_Pack_Free/PNG/vegetatation_grass_small_row3_3.png using Guid(d955e2acaea139143b82c46113510869) Importer(815301076,1909f56bfc062723c751e8b465ee728b) (PreviewImporter) -> (artifact id: '377648b49dbd500a456863c340774a7e') in 0.0655851 seconds
Number of updated asset objects reloaded before import = 0Number of asset objects unloaded after import = 3

========================================================================
Received Import Request.
  Time since last request: 0.000039 seconds.
  path: Assets/Art/Free Assets Pack/Assest Packs/Berie's_Adventure_Seaside_Asset_Pack_Free/PNG/vegetatation_grass_small4.png
  artifactKey: Guid(4a0468abcc508f448ad18ac9b953c120) Importer(815301076,1909f56bfc062723c751e8b465ee728b)
Start importing Assets/Art/Free Assets Pack/Assest Packs/Berie's_Adventure_Seaside_Asset_Pack_Free/PNG/vegetatation_grass_small4.png using Guid(4a0468abcc508f448ad18ac9b953c120) Importer(815301076,1909f56bfc062723c751e8b465ee728b) (PreviewImporter) -> (artifact id: '936ba49ff323dea9132149f2657567ba') in 0.0685105 seconds
Number of updated asset objects reloaded before import = 0Number of asset objects unloaded after import = 3

========================================================================
Received Import Request.
  Time since last request: 0.000032 seconds.
  path: Assets/Art/Free Assets Pack/Assest Packs/Berie's_Adventure_Seaside_Asset_Pack_Free/PNG/vegetatation_grass_small_row1_3.png
  artifactKey: Guid(2a93f5b7bb57fd241a286371b77f5e81) Importer(815301076,1909f56bfc062723c751e8b465ee728b)
Start importing Assets/Art/Free Assets Pack/Assest Packs/Berie's_Adventure_Seaside_Asset_Pack_Free/PNG/vegetatation_grass_small_row1_3.png using Guid(2a93f5b7bb57fd241a286371b77f5e81) Importer(815301076,1909f56bfc062723c751e8b465ee728b) (PreviewImporter) -> (artifact id: '7d294f3dfeee2c764fde065a00a204ce') in 0.0699369 seconds
Number of updated asset objects reloaded before import = 0Number of asset objects unloaded after import = 3

========================================================================
Received Import Request.
  Time since last request: 0.000074 seconds.
  path: Assets/Art/Free Assets Pack/Assest Packs/Berie's_Adventure_Seaside_Asset_Pack_Free/PNG/trap_spike_2.png
  artifactKey: Guid(1949cb6c55e70a24cb08aa4cd27672ef) Importer(815301076,1909f56bfc062723c751e8b465ee728b)
Start importing Assets/Art/Free Assets Pack/Assest Packs/Berie's_Adventure_Seaside_Asset_Pack_Free/PNG/trap_spike_2.png using Guid(1949cb6c55e70a24cb08aa4cd27672ef) Importer(815301076,1909f56bfc062723c751e8b465ee728b) (PreviewImporter) -> (artifact id: '2160068a06a1328cdaf515071514a1e4') in 0.0753456 seconds
Number of updated asset objects reloaded before import = 0Number of asset objects unloaded after import = 6

========================================================================
Received Import Request.
  Time since last request: 0.000049 seconds.
  path: Assets/Art/Free Assets Pack/Assest Packs/Berie's_Adventure_Seaside_Asset_Pack_Free/PNG/vfx_effect_consume_4.png
  artifactKey: Guid(8bc9701b65a14a941b22447be34e57f4) Importer(815301076,1909f56bfc062723c751e8b465ee728b)
Start importing Assets/Art/Free Assets Pack/Assest Packs/Berie's_Adventure_Seaside_Asset_Pack_Free/PNG/vfx_effect_consume_4.png using Guid(8bc9701b65a14a941b22447be34e57f4) Importer(815301076,1909f56bfc062723c751e8b465ee728b) (PreviewImporter) -> (artifact id: '2c4e6d451abb5aa413eda69d88161488') in 0.0448756 seconds
Number of updated asset objects reloaded before import = 0Number of asset objects unloaded after import = 3

========================================================================
Received Import Request.
  Time since last request: 0.000047 seconds.
  path: Assets/Art/Free Assets Pack/Assest Packs/Berie's_Adventure_Seaside_Asset_Pack_Free/PNG/vfx_effect_diamond_4.png
  artifactKey: Guid(ebde656a7ee767e49ab2e0fdf8a93691) Importer(815301076,1909f56bfc062723c751e8b465ee728b)
Start importing Assets/Art/Free Assets Pack/Assest Packs/Berie's_Adventure_Seaside_Asset_Pack_Free/PNG/vfx_effect_diamond_4.png using Guid(ebde656a7ee767e49ab2e0fdf8a93691) Importer(815301076,1909f56bfc062723c751e8b465ee728b) (PreviewImporter) -> (artifact id: 'c6bec6553e717d65aadb774e5bbb1898') in 0.0637154 seconds
Number of updated asset objects reloaded before import = 0Number of asset objects unloaded after import = 3

========================================================================
Received Import Request.
  Time since last request: 0.000059 seconds.
  path: Assets/Art/Free Assets Pack/Assest Packs/Berie's_Adventure_Seaside_Asset_Pack_Free/PNG/trap_bomb_impact_5.png
  artifactKey: Guid(484211590df421f47b0e2a80ba2f0fc5) Importer(815301076,1909f56bfc062723c751e8b465ee728b)
Start importing Assets/Art/Free Assets Pack/Assest Packs/Berie's_Adventure_Seaside_Asset_Pack_Free/PNG/trap_bomb_impact_5.png using Guid(484211590df421f47b0e2a80ba2f0fc5) Importer(815301076,1909f56bfc062723c751e8b465ee728b) (PreviewImporter) -> (artifact id: 'b5160d6f1966844f23542e9ae07410f8') in 0.0442857 seconds
Number of updated asset objects reloaded before import = 0Number of asset objects unloaded after import = 3

========================================================================
Received Import Request.
  Time since last request: 0.000048 seconds.
  path: Assets/Art/Free Assets Pack/Assest Packs/Berie's_Adventure_Seaside_Asset_Pack_Free/PNG/trap_bomb_impact_2.png
  artifactKey: Guid(d9bb4b2e20cf81144ab0e4e7ae5c6288) Importer(815301076,1909f56bfc062723c751e8b465ee728b)
Start importing Assets/Art/Free Assets Pack/Assest Packs/Berie's_Adventure_Seaside_Asset_Pack_Free/PNG/trap_bomb_impact_2.png using Guid(d9bb4b2e20cf81144ab0e4e7ae5c6288) Importer(815301076,1909f56bfc062723c751e8b465ee728b) (PreviewImporter) -> (artifact id: '386c5246cec2042831d0062c9726526e') in 0.0465196 seconds
Number of updated asset objects reloaded before import = 0Number of asset objects unloaded after import = 3

========================================================================
Received Import Request.
  Time since last request: 0.480224 seconds.
  path: Assets/Art/Free Assets Pack/Assest Packs/Berie's_Adventure_Seaside_Asset_Pack_Free/PNG/vfx_effect_diamond_5.png
  artifactKey: Guid(e68ddc0bfb2c1a248a0b601ebe4d8c9a) Importer(815301076,1909f56bfc062723c751e8b465ee728b)
Start importing Assets/Art/Free Assets Pack/Assest Packs/Berie's_Adventure_Seaside_Asset_Pack_Free/PNG/vfx_effect_diamond_5.png using Guid(e68ddc0bfb2c1a248a0b601ebe4d8c9a) Importer(815301076,1909f56bfc062723c751e8b465ee728b) (PreviewImporter) -> (artifact id: 'a41490c5bd5f37a1be7b16db8d98e2bf') in 0.0871994 seconds
Number of updated asset objects reloaded before import = 0Number of asset objects unloaded after import = 3

========================================================================
Received Import Request.
  Time since last request: 12.373921 seconds.
  path: Assets/Art/Other/ForSelectLevelScene/tilemap.png
  artifactKey: Guid(15e2f4c9259dff246bc7787a982001a0) Importer(815301076,1909f56bfc062723c751e8b465ee728b)
Start importing Assets/Art/Other/ForSelectLevelScene/tilemap.png using Guid(15e2f4c9259dff246bc7787a982001a0) Importer(815301076,1909f56bfc062723c751e8b465ee728b) (PreviewImporter) -> (artifact id: '222da05566a83a9e492b32324493dfb5') in 0.2279245 seconds
Number of updated asset objects reloaded before import = 0Number of asset objects unloaded after import = 14

========================================================================
Received Import Request.
  Time since last request: 12.152369 seconds.
  path: Assets/Art/Other/ForSelectLevelScene/tilemap.png
  artifactKey: Guid(15e2f4c9259dff246bc7787a982001a0) Importer(815301076,1909f56bfc062723c751e8b465ee728b)
Start importing Assets/Art/Other/ForSelectLevelScene/tilemap.png using Guid(15e2f4c9259dff246bc7787a982001a0) Importer(815301076,1909f56bfc062723c751e8b465ee728b) (PreviewImporter) -> (artifact id: '151f838347dbc32fa056b58b099ccadf') in 0.2466165 seconds
Number of updated asset objects reloaded before import = 0Number of asset objects unloaded after import = 14

========================================================================
Received Import Request.
  Time since last request: 2.210399 seconds.
  path: Assets/Art/Other/ForSelectLevelScene/tilemap_new_softy_sand.png
  artifactKey: Guid(98abe0927dd73b24d96488ff8f047edb) Importer(815301076,1909f56bfc062723c751e8b465ee728b)
Start importing Assets/Art/Other/ForSelectLevelScene/tilemap_new_softy_sand.png using Guid(98abe0927dd73b24d96488ff8f047edb) Importer(815301076,1909f56bfc062723c751e8b465ee728b) (PreviewImporter) -> (artifact id: 'dd8cfa2511097a9947e41809695e8c15') in 0.0735233 seconds
Number of updated asset objects reloaded before import = 0Number of asset objects unloaded after import = 3

========================================================================
Received Import Request.
  Time since last request: 19.769791 seconds.
  path: Assets/Art/Other/ForSelectLevelScene/tilemap.png
  artifactKey: Guid(15e2f4c9259dff246bc7787a982001a0) Importer(815301076,1909f56bfc062723c751e8b465ee728b)
Start importing Assets/Art/Other/ForSelectLevelScene/tilemap.png using Guid(15e2f4c9259dff246bc7787a982001a0) Importer(815301076,1909f56bfc062723c751e8b465ee728b) (PreviewImporter) -> (artifact id: 'e3b7cebf47af42f5e393b3c96adbf5ea') in 0.4075004 seconds
Number of updated asset objects reloaded before import = 0Number of asset objects unloaded after import = 49

========================================================================
Received Import Request.
  Time since last request: 11.472562 seconds.
  path: Assets/Art/Other/ForSelectLevelScene/tilemap_new_softy_sand.png
  artifactKey: Guid(98abe0927dd73b24d96488ff8f047edb) Importer(815301076,1909f56bfc062723c751e8b465ee728b)
Start importing Assets/Art/Other/ForSelectLevelScene/tilemap_new_softy_sand.png using Guid(98abe0927dd73b24d96488ff8f047edb) Importer(815301076,1909f56bfc062723c751e8b465ee728b) (PreviewImporter) -> (artifact id: '9ae33dedab8f8f98bf54fdfd24df86d0') in 0.4108569 seconds
Number of updated asset objects reloaded before import = 0Number of asset objects unloaded after import = 49

========================================================================
Received Import Request.
  Time since last request: 49.002905 seconds.
  path: Assets/Art/Free Assets Pack/Assest Packs/Kings and Pigs/Sprites/Kings and Pigs.png
  artifactKey: Guid(6db3f458f0a99b34a8015f5bc6a3b398) Importer(815301076,1909f56bfc062723c751e8b465ee728b)
Start importing Assets/Art/Free Assets Pack/Assest Packs/Kings and Pigs/Sprites/Kings and Pigs.png using Guid(6db3f458f0a99b34a8015f5bc6a3b398) Importer(815301076,1909f56bfc062723c751e8b465ee728b) (PreviewImporter) -> (artifact id: 'c72f7b560675a79a8c208766fd2d4d43') in 0.1124474 seconds
Number of updated asset objects reloaded before import = 0Number of asset objects unloaded after import = 5

========================================================================
Received Import Request.
  Time since last request: 2.080852 seconds.
  path: Assets/Art/Free Assets Pack/Assest Packs/Kings and Pigs/Sprites/14-TileSets/Decorations (32x32).png
  artifactKey: Guid(2f5f26f73f690ef429884d33c76af6f2) Importer(815301076,1909f56bfc062723c751e8b465ee728b)
Start importing Assets/Art/Free Assets Pack/Assest Packs/Kings and Pigs/Sprites/14-TileSets/Decorations (32x32).png using Guid(2f5f26f73f690ef429884d33c76af6f2) Importer(815301076,1909f56bfc062723c751e8b465ee728b) (PreviewImporter) -> (artifact id: '70a1b8cafe9a511a98abdaaf944b537c') in 0.1473366 seconds
Number of updated asset objects reloaded before import = 0Number of asset objects unloaded after import = 8

========================================================================
Received Import Request.
  Time since last request: 8.464879 seconds.
  path: Assets/Art/Other/ForSelectLevelScene/Decorations (32x32).png
  artifactKey: Guid(832637b9f790cf2499a8d394147d5e4b) Importer(815301076,1909f56bfc062723c751e8b465ee728b)
Start importing Assets/Art/Other/ForSelectLevelScene/Decorations (32x32).png using Guid(832637b9f790cf2499a8d394147d5e4b) Importer(815301076,1909f56bfc062723c751e8b465ee728b) (PreviewImporter) -> (artifact id: '4faf8e7ba5a826cf111f8873166a6a50') in 0.1198004 seconds
Number of updated asset objects reloaded before import = 0Number of asset objects unloaded after import = 8

========================================================================
Received Import Request.
  Time since last request: 6.940788 seconds.
  path: Assets/Art/Free Assets Pack/Assest Packs/Pirate Bomb/Sprites/8-Tile-Sets/Tile-Sets (64-64).png
  artifactKey: Guid(1ea81d2d1afb268419efd68c40e945b5) Importer(815301076,1909f56bfc062723c751e8b465ee728b)
Start importing Assets/Art/Free Assets Pack/Assest Packs/Pirate Bomb/Sprites/8-Tile-Sets/Tile-Sets (64-64).png using Guid(1ea81d2d1afb268419efd68c40e945b5) Importer(815301076,1909f56bfc062723c751e8b465ee728b) (PreviewImporter) -> (artifact id: 'f0dc454cc933e02c3aaab0bdc056e6a8') in 0.0864816 seconds
Number of updated asset objects reloaded before import = 0Number of asset objects unloaded after import = 3

========================================================================
Received Import Request.
  Time since last request: 2.374763 seconds.
  path: Assets/Art/Free Assets Pack/Assest Packs/Pirate Bomb/Sprites/8-Tile-Sets/Variations/1.png
  artifactKey: Guid(5f11e2c728b91c44cb96cd1ffd1ab789) Importer(815301076,1909f56bfc062723c751e8b465ee728b)
Start importing Assets/Art/Free Assets Pack/Assest Packs/Pirate Bomb/Sprites/8-Tile-Sets/Variations/1.png using Guid(5f11e2c728b91c44cb96cd1ffd1ab789) Importer(815301076,1909f56bfc062723c751e8b465ee728b) (PreviewImporter) -> (artifact id: 'a5e0032ef9ddd0251a8eefd4dbd6d5cf') in 0.0401903 seconds
Number of updated asset objects reloaded before import = 0Number of asset objects unloaded after import = 3

========================================================================
Received Import Request.
  Time since last request: 0.000038 seconds.
  path: Assets/Art/Free Assets Pack/Assest Packs/Pirate Bomb/Sprites/8-Tile-Sets/Variations/4.png
  artifactKey: Guid(fb65ca3d4e416d440a886706ce40abbb) Importer(815301076,1909f56bfc062723c751e8b465ee728b)
Start importing Assets/Art/Free Assets Pack/Assest Packs/Pirate Bomb/Sprites/8-Tile-Sets/Variations/4.png using Guid(fb65ca3d4e416d440a886706ce40abbb) Importer(815301076,1909f56bfc062723c751e8b465ee728b) (PreviewImporter) -> (artifact id: 'df41a20e1fcdd11bc12ec5483d25ab32') in 0.0568037 seconds
Number of updated asset objects reloaded before import = 0Number of asset objects unloaded after import = 3

========================================================================
Received Import Request.
  Time since last request: 0.000052 seconds.
  path: Assets/Art/Free Assets Pack/Assest Packs/Pirate Bomb/Sprites/8-Tile-Sets/Variations/6.png
  artifactKey: Guid(6ff0cfeb7bc0c9e45b5f2bedf1e6608b) Importer(815301076,1909f56bfc062723c751e8b465ee728b)
Start importing Assets/Art/Free Assets Pack/Assest Packs/Pirate Bomb/Sprites/8-Tile-Sets/Variations/6.png using Guid(6ff0cfeb7bc0c9e45b5f2bedf1e6608b) Importer(815301076,1909f56bfc062723c751e8b465ee728b) (PreviewImporter) -> (artifact id: '54717c9c7431440612b3b7bf3f14affd') in 0.0610607 seconds
Number of updated asset objects reloaded before import = 0Number of asset objects unloaded after import = 3

========================================================================
Received Import Request.
  Time since last request: 0.000033 seconds.
  path: Assets/Art/Free Assets Pack/Assest Packs/Pirate Bomb/Sprites/8-Tile-Sets/Variations/7.png
  artifactKey: Guid(c558bffac5f113645bacf14732601638) Importer(815301076,1909f56bfc062723c751e8b465ee728b)
Start importing Assets/Art/Free Assets Pack/Assest Packs/Pirate Bomb/Sprites/8-Tile-Sets/Variations/7.png using Guid(c558bffac5f113645bacf14732601638) Importer(815301076,1909f56bfc062723c751e8b465ee728b) (PreviewImporter) -> (artifact id: 'c4cf40de8622da6becbd4f2436204645') in 0.0484483 seconds
Number of updated asset objects reloaded before import = 0Number of asset objects unloaded after import = 3

========================================================================
Received Import Request.
  Time since last request: 12.867643 seconds.
  path: Assets/Art/Other/ForSelectLevelScene/Tile-Sets (64-64).png
  artifactKey: Guid(a8bf9197354474647b47ef0e229b7915) Importer(815301076,1909f56bfc062723c751e8b465ee728b)
Start importing Assets/Art/Other/ForSelectLevelScene/Tile-Sets (64-64).png using Guid(a8bf9197354474647b47ef0e229b7915) Importer(815301076,1909f56bfc062723c751e8b465ee728b) (PreviewImporter) -> (artifact id: '77cfae635870743f7546ae9e87370683') in 0.0927532 seconds
Number of updated asset objects reloaded before import = 0Number of asset objects unloaded after import = 3

========================================================================
Received Import Request.
  Time since last request: 17.415191 seconds.
  path: Assets/Art/Free Assets Pack/Assest Packs/Treasure Hunters/Wood and Paper UI/Sprites/Yellow Paper/1.png
  artifactKey: Guid(140a2e673844c2448973fc317795a0d9) Importer(815301076,1909f56bfc062723c751e8b465ee728b)
Start importing Assets/Art/Free Assets Pack/Assest Packs/Treasure Hunters/Wood and Paper UI/Sprites/Yellow Paper/1.png using Guid(140a2e673844c2448973fc317795a0d9) Importer(815301076,1909f56bfc062723c751e8b465ee728b) (PreviewImporter) -> (artifact id: '0e5d5b26e6e8ae2ffda11be46d09fc70') in 0.0455021 seconds
Number of updated asset objects reloaded before import = 0Number of asset objects unloaded after import = 3

========================================================================
Received Import Request.
  Time since last request: 0.000039 seconds.
  path: Assets/Art/Free Assets Pack/Assest Packs/Treasure Hunters/Wood and Paper UI/Sprites/Yellow Paper/4.png
  artifactKey: Guid(5c8e62939e45a9e418f10840885b3792) Importer(815301076,1909f56bfc062723c751e8b465ee728b)
Start importing Assets/Art/Free Assets Pack/Assest Packs/Treasure Hunters/Wood and Paper UI/Sprites/Yellow Paper/4.png using Guid(5c8e62939e45a9e418f10840885b3792) Importer(815301076,1909f56bfc062723c751e8b465ee728b) (PreviewImporter) -> (artifact id: 'ddbb92848c472d818c10ab1a2c89f490') in 0.0403381 seconds
Number of updated asset objects reloaded before import = 0Number of asset objects unloaded after import = 3

========================================================================
Received Import Request.
  Time since last request: 0.000044 seconds.
  path: Assets/Art/Free Assets Pack/Assest Packs/Treasure Hunters/Wood and Paper UI/Sprites/Yellow Paper/9.png
  artifactKey: Guid(8c410425942d6714cb23c0b678dfd96d) Importer(815301076,1909f56bfc062723c751e8b465ee728b)
Start importing Assets/Art/Free Assets Pack/Assest Packs/Treasure Hunters/Wood and Paper UI/Sprites/Yellow Paper/9.png using Guid(8c410425942d6714cb23c0b678dfd96d) Importer(815301076,1909f56bfc062723c751e8b465ee728b) (PreviewImporter) -> (artifact id: 'b6fdc194168f7a38ac8419b0ee8efc6c') in 0.0821527 seconds
Number of updated asset objects reloaded before import = 0Number of asset objects unloaded after import = 3

========================================================================
Received Import Request.
  Time since last request: 0.000044 seconds.
  path: Assets/Art/Free Assets Pack/Assest Packs/Treasure Hunters/Wood and Paper UI/Sprites/Yellow Paper/8.png
  artifactKey: Guid(358294e7e6ce8da449cecb6bdffc01c4) Importer(815301076,1909f56bfc062723c751e8b465ee728b)
Start importing Assets/Art/Free Assets Pack/Assest Packs/Treasure Hunters/Wood and Paper UI/Sprites/Yellow Paper/8.png using Guid(358294e7e6ce8da449cecb6bdffc01c4) Importer(815301076,1909f56bfc062723c751e8b465ee728b) (PreviewImporter) -> (artifact id: '726a5da2b97f98b81e9d050e9a301987') in 0.0494157 seconds
Number of updated asset objects reloaded before import = 0Number of asset objects unloaded after import = 3

========================================================================
Received Import Request.
  Time since last request: 0.000043 seconds.
  path: Assets/Art/Free Assets Pack/Assest Packs/Treasure Hunters/Wood and Paper UI/Sprites/Yellow Paper/14.png
  artifactKey: Guid(8e1507d28f2f1f248908f6786d5d0b02) Importer(815301076,1909f56bfc062723c751e8b465ee728b)
Start importing Assets/Art/Free Assets Pack/Assest Packs/Treasure Hunters/Wood and Paper UI/Sprites/Yellow Paper/14.png using Guid(8e1507d28f2f1f248908f6786d5d0b02) Importer(815301076,1909f56bfc062723c751e8b465ee728b) (PreviewImporter) -> (artifact id: '6a25156c82af1738a525f87da167885c') in 0.0539105 seconds
Number of updated asset objects reloaded before import = 0Number of asset objects unloaded after import = 3

========================================================================
Received Import Request.
  Time since last request: 0.000050 seconds.
  path: Assets/Art/Free Assets Pack/Assest Packs/Treasure Hunters/Wood and Paper UI/Sprites/Yellow Paper/11.png
  artifactKey: Guid(e255a8d220e60cf4c82048564fd1e758) Importer(815301076,1909f56bfc062723c751e8b465ee728b)
Start importing Assets/Art/Free Assets Pack/Assest Packs/Treasure Hunters/Wood and Paper UI/Sprites/Yellow Paper/11.png using Guid(e255a8d220e60cf4c82048564fd1e758) Importer(815301076,1909f56bfc062723c751e8b465ee728b) (PreviewImporter) -> (artifact id: 'a4933730fcc8108ebe910ca15c69226f') in 0.0587047 seconds
Number of updated asset objects reloaded before import = 0Number of asset objects unloaded after import = 3

========================================================================
Received Import Request.
  Time since last request: 0.000029 seconds.
  path: Assets/Art/Free Assets Pack/Assest Packs/Treasure Hunters/Wood and Paper UI/Sprites/Yellow Paper/5.png
  artifactKey: Guid(991a48aad067ebd459e44cefc7d29d93) Importer(815301076,1909f56bfc062723c751e8b465ee728b)
Start importing Assets/Art/Free Assets Pack/Assest Packs/Treasure Hunters/Wood and Paper UI/Sprites/Yellow Paper/5.png using Guid(991a48aad067ebd459e44cefc7d29d93) Importer(815301076,1909f56bfc062723c751e8b465ee728b) (PreviewImporter) -> (artifact id: 'b3903e4327d2e32de98eee560f17b5d7') in 0.061344 seconds
Number of updated asset objects reloaded before import = 0Number of asset objects unloaded after import = 3

========================================================================
Received Import Request.
  Time since last request: 0.000103 seconds.
  path: Assets/Art/Free Assets Pack/Assest Packs/Treasure Hunters/Wood and Paper UI/Sprites/Yellow Paper/13.png
  artifactKey: Guid(d0e5e5fda5a593c489bb2c58f1da67ec) Importer(815301076,1909f56bfc062723c751e8b465ee728b)
Start importing Assets/Art/Free Assets Pack/Assest Packs/Treasure Hunters/Wood and Paper UI/Sprites/Yellow Paper/13.png using Guid(d0e5e5fda5a593c489bb2c58f1da67ec) Importer(815301076,1909f56bfc062723c751e8b465ee728b) (PreviewImporter) -> (artifact id: 'f7139b6b882fcde176ee4048c73edd3c') in 0.0603504 seconds
Number of updated asset objects reloaded before import = 0Number of asset objects unloaded after import = 3

========================================================================
Received Import Request.
  Time since last request: 0.000045 seconds.
  path: Assets/Art/Free Assets Pack/Assest Packs/Treasure Hunters/Wood and Paper UI/Sprites/Yellow Paper/12.png
  artifactKey: Guid(9113905fb11cc484d9edc179d0928a0b) Importer(815301076,1909f56bfc062723c751e8b465ee728b)
Start importing Assets/Art/Free Assets Pack/Assest Packs/Treasure Hunters/Wood and Paper UI/Sprites/Yellow Paper/12.png using Guid(9113905fb11cc484d9edc179d0928a0b) Importer(815301076,1909f56bfc062723c751e8b465ee728b) (PreviewImporter) -> (artifact id: '619aa6cc4c1e817dc0362fe051a4b1b3') in 0.043647 seconds
Number of updated asset objects reloaded before import = 0Number of asset objects unloaded after import = 3

========================================================================
Received Import Request.
  Time since last request: 10.038531 seconds.
  path: Assets/Art/Free Assets Pack/Assest Packs/Treasure Hunters/Wood and Paper UI/Sprites/Yellow Button/1.png
  artifactKey: Guid(702d625870965054f98dd89f527cbc52) Importer(815301076,1909f56bfc062723c751e8b465ee728b)
Start importing Assets/Art/Free Assets Pack/Assest Packs/Treasure Hunters/Wood and Paper UI/Sprites/Yellow Button/1.png using Guid(702d625870965054f98dd89f527cbc52) Importer(815301076,1909f56bfc062723c751e8b465ee728b) (PreviewImporter) -> (artifact id: 'c4862383c8cc09090d33b8b8a9dc782d') in 0.0477668 seconds
Number of updated asset objects reloaded before import = 0Number of asset objects unloaded after import = 3

========================================================================
Received Import Request.
  Time since last request: 0.000033 seconds.
  path: Assets/Art/Free Assets Pack/Assest Packs/Treasure Hunters/Wood and Paper UI/Sprites/Yellow Button/3.png
  artifactKey: Guid(d4e7ab8abd274144380e49d9d22bfdc1) Importer(815301076,1909f56bfc062723c751e8b465ee728b)
Start importing Assets/Art/Free Assets Pack/Assest Packs/Treasure Hunters/Wood and Paper UI/Sprites/Yellow Button/3.png using Guid(d4e7ab8abd274144380e49d9d22bfdc1) Importer(815301076,1909f56bfc062723c751e8b465ee728b) (PreviewImporter) -> (artifact id: 'bfb47e98c8d958974db4ebfa37d509ed') in 0.0371233 seconds
Number of updated asset objects reloaded before import = 0Number of asset objects unloaded after import = 3

========================================================================
Received Import Request.
  Time since last request: 0.000044 seconds.
  path: Assets/Art/Free Assets Pack/Assest Packs/Treasure Hunters/Wood and Paper UI/Sprites/Yellow Button/13.png
  artifactKey: Guid(5c5ab41b4907f6c45a0ed292984d1b4c) Importer(815301076,1909f56bfc062723c751e8b465ee728b)
Start importing Assets/Art/Free Assets Pack/Assest Packs/Treasure Hunters/Wood and Paper UI/Sprites/Yellow Button/13.png using Guid(5c5ab41b4907f6c45a0ed292984d1b4c) Importer(815301076,1909f56bfc062723c751e8b465ee728b) (PreviewImporter) -> (artifact id: '01ccd70df4b8c8fbe622b34aa2151cb0') in 0.0780455 seconds
Number of updated asset objects reloaded before import = 0Number of asset objects unloaded after import = 3

========================================================================
Received Import Request.
  Time since last request: 0.000034 seconds.
  path: Assets/Art/Free Assets Pack/Assest Packs/Treasure Hunters/Wood and Paper UI/Sprites/Yellow Button/16.png
  artifactKey: Guid(6024660e250662e46b31a5de6c81d62a) Importer(815301076,1909f56bfc062723c751e8b465ee728b)
Start importing Assets/Art/Free Assets Pack/Assest Packs/Treasure Hunters/Wood and Paper UI/Sprites/Yellow Button/16.png using Guid(6024660e250662e46b31a5de6c81d62a) Importer(815301076,1909f56bfc062723c751e8b465ee728b) (PreviewImporter) -> (artifact id: '90eb9217f429f62e7ac630078eccb609') in 0.057749 seconds
Number of updated asset objects reloaded before import = 0Number of asset objects unloaded after import = 3

========================================================================
Received Import Request.
  Time since last request: 0.000041 seconds.
  path: Assets/Art/Free Assets Pack/Assest Packs/Treasure Hunters/Wood and Paper UI/Sprites/Yellow Button/Yellow Button (guide).png
  artifactKey: Guid(2acc0b60caa29334baf2e6a67ce37783) Importer(815301076,1909f56bfc062723c751e8b465ee728b)
Start importing Assets/Art/Free Assets Pack/Assest Packs/Treasure Hunters/Wood and Paper UI/Sprites/Yellow Button/Yellow Button (guide).png using Guid(2acc0b60caa29334baf2e6a67ce37783) Importer(815301076,1909f56bfc062723c751e8b465ee728b) (PreviewImporter) -> (artifact id: '2704f6bd9e3ba8da1796e9d3224f3ba9') in 0.2447915 seconds
Number of updated asset objects reloaded before import = 0Number of asset objects unloaded after import = 18

========================================================================
Received Import Request.
  Time since last request: 0.000065 seconds.
  path: Assets/Art/Free Assets Pack/Assest Packs/Treasure Hunters/Wood and Paper UI/Sprites/Yellow Button/4.png
  artifactKey: Guid(3a6182ae92644ba43a3391a23c00454e) Importer(815301076,1909f56bfc062723c751e8b465ee728b)
Start importing Assets/Art/Free Assets Pack/Assest Packs/Treasure Hunters/Wood and Paper UI/Sprites/Yellow Button/4.png using Guid(3a6182ae92644ba43a3391a23c00454e) Importer(815301076,1909f56bfc062723c751e8b465ee728b) (PreviewImporter) -> (artifact id: 'cfefa45d7a7c6a05a60601ac5956141e') in 0.0428378 seconds
Number of updated asset objects reloaded before import = 0Number of asset objects unloaded after import = 3

========================================================================
Received Import Request.
  Time since last request: 0.000031 seconds.
  path: Assets/Art/Free Assets Pack/Assest Packs/Treasure Hunters/Wood and Paper UI/Sprites/Yellow Button/10.png
  artifactKey: Guid(1cd54e91867766a489a013bb95940d6e) Importer(815301076,1909f56bfc062723c751e8b465ee728b)
Start importing Assets/Art/Free Assets Pack/Assest Packs/Treasure Hunters/Wood and Paper UI/Sprites/Yellow Button/10.png using Guid(1cd54e91867766a489a013bb95940d6e) Importer(815301076,1909f56bfc062723c751e8b465ee728b) (PreviewImporter) -> (artifact id: 'b7bf16bcbb1d8bc64dfacba2b09dcb1e') in 0.0617451 seconds
Number of updated asset objects reloaded before import = 0Number of asset objects unloaded after import = 3

========================================================================
Received Import Request.
  Time since last request: 0.000047 seconds.
  path: Assets/Art/Free Assets Pack/Assest Packs/Treasure Hunters/Wood and Paper UI/Sprites/Yellow Button/5.png
  artifactKey: Guid(ed3bc3514c6ca404bb502f5e0fe755e4) Importer(815301076,1909f56bfc062723c751e8b465ee728b)
Start importing Assets/Art/Free Assets Pack/Assest Packs/Treasure Hunters/Wood and Paper UI/Sprites/Yellow Button/5.png using Guid(ed3bc3514c6ca404bb502f5e0fe755e4) Importer(815301076,1909f56bfc062723c751e8b465ee728b) (PreviewImporter) -> (artifact id: '565b6a4632b65f15f4a96a33dc33df50') in 0.0564211 seconds
Number of updated asset objects reloaded before import = 0Number of asset objects unloaded after import = 3

========================================================================
Received Import Request.
  Time since last request: 0.340554 seconds.
  path: Assets/Art/Free Assets Pack/Assest Packs/Treasure Hunters/Wood and Paper UI/Sprites/Yellow Board/1.png
  artifactKey: Guid(4c2b89a9d22176941851c601f11e09e2) Importer(815301076,1909f56bfc062723c751e8b465ee728b)
Start importing Assets/Art/Free Assets Pack/Assest Packs/Treasure Hunters/Wood and Paper UI/Sprites/Yellow Board/1.png using Guid(4c2b89a9d22176941851c601f11e09e2) Importer(815301076,1909f56bfc062723c751e8b465ee728b) (PreviewImporter) -> (artifact id: '9a1522222d17142fe427b3e37fa6b27b') in 0.0439853 seconds
Number of updated asset objects reloaded before import = 0Number of asset objects unloaded after import = 3

========================================================================
Received Import Request.
  Time since last request: 0.000044 seconds.
  path: Assets/Art/Free Assets Pack/Assest Packs/Treasure Hunters/Wood and Paper UI/Sprites/Yellow Board/5.png
  artifactKey: Guid(5f9d372176a9ee045819cb39c375100a) Importer(815301076,1909f56bfc062723c751e8b465ee728b)
Start importing Assets/Art/Free Assets Pack/Assest Packs/Treasure Hunters/Wood and Paper UI/Sprites/Yellow Board/5.png using Guid(5f9d372176a9ee045819cb39c375100a) Importer(815301076,1909f56bfc062723c751e8b465ee728b) (PreviewImporter) -> (artifact id: '71a58d14e5d1762812e8a618676cd2a2') in 0.0523004 seconds
Number of updated asset objects reloaded before import = 0Number of asset objects unloaded after import = 3

========================================================================
Received Import Request.
  Time since last request: 0.000049 seconds.
  path: Assets/Art/Free Assets Pack/Assest Packs/Treasure Hunters/Wood and Paper UI/Sprites/Yellow Board/11.png
  artifactKey: Guid(a006017c5da0121438c0aa9800123c57) Importer(815301076,1909f56bfc062723c751e8b465ee728b)
Start importing Assets/Art/Free Assets Pack/Assest Packs/Treasure Hunters/Wood and Paper UI/Sprites/Yellow Board/11.png using Guid(a006017c5da0121438c0aa9800123c57) Importer(815301076,1909f56bfc062723c751e8b465ee728b) (PreviewImporter) -> (artifact id: '27b67a0ef3fadf5b8b9684bc0c420cec') in 0.053265 seconds
Number of updated asset objects reloaded before import = 0Number of asset objects unloaded after import = 3

========================================================================
Received Import Request.
  Time since last request: 0.000060 seconds.
  path: Assets/Art/Free Assets Pack/Assest Packs/Treasure Hunters/Wood and Paper UI/Sprites/Yellow Board/3.png
  artifactKey: Guid(a1f1bc3ba7c0d174aa8759b1971d69a0) Importer(815301076,1909f56bfc062723c751e8b465ee728b)
Start importing Assets/Art/Free Assets Pack/Assest Packs/Treasure Hunters/Wood and Paper UI/Sprites/Yellow Board/3.png using Guid(a1f1bc3ba7c0d174aa8759b1971d69a0) Importer(815301076,1909f56bfc062723c751e8b465ee728b) (PreviewImporter) -> (artifact id: '4bb37591b0d7137839a9cac0f94349ea') in 0.0431373 seconds
Number of updated asset objects reloaded before import = 0Number of asset objects unloaded after import = 3

========================================================================
Received Import Request.
  Time since last request: 0.000051 seconds.
  path: Assets/Art/Free Assets Pack/Assest Packs/Treasure Hunters/Wood and Paper UI/Sprites/Yellow Board/Yellow Board (guide).png
  artifactKey: Guid(ebd6be46647acd44f912ff21a2ff14c9) Importer(815301076,1909f56bfc062723c751e8b465ee728b)
Start importing Assets/Art/Free Assets Pack/Assest Packs/Treasure Hunters/Wood and Paper UI/Sprites/Yellow Board/Yellow Board (guide).png using Guid(ebd6be46647acd44f912ff21a2ff14c9) Importer(815301076,1909f56bfc062723c751e8b465ee728b) (PreviewImporter) -> (artifact id: '73db9f1d8b9e46276535523b4d036702') in 0.226153 seconds
Number of updated asset objects reloaded before import = 0Number of asset objects unloaded after import = 18

========================================================================
Received Import Request.
  Time since last request: 0.000042 seconds.
  path: Assets/Art/Free Assets Pack/Assest Packs/Treasure Hunters/Wood and Paper UI/Sprites/Yellow Board/9.png
  artifactKey: Guid(132533684a4f7f64a923182c80a9e0eb) Importer(815301076,1909f56bfc062723c751e8b465ee728b)
Start importing Assets/Art/Free Assets Pack/Assest Packs/Treasure Hunters/Wood and Paper UI/Sprites/Yellow Board/9.png using Guid(132533684a4f7f64a923182c80a9e0eb) Importer(815301076,1909f56bfc062723c751e8b465ee728b) (PreviewImporter) -> (artifact id: 'ee7e43fa6aef1ec8f6945d456664ac11') in 0.0409038 seconds
Number of updated asset objects reloaded before import = 0Number of asset objects unloaded after import = 3

========================================================================
Received Import Request.
  Time since last request: 0.000064 seconds.
  path: Assets/Art/Free Assets Pack/Assest Packs/Treasure Hunters/Wood and Paper UI/Sprites/Yellow Board/15.png
  artifactKey: Guid(4a880d69fff9288449356ede6f4a7c37) Importer(815301076,1909f56bfc062723c751e8b465ee728b)
Start importing Assets/Art/Free Assets Pack/Assest Packs/Treasure Hunters/Wood and Paper UI/Sprites/Yellow Board/15.png using Guid(4a880d69fff9288449356ede6f4a7c37) Importer(815301076,1909f56bfc062723c751e8b465ee728b) (PreviewImporter) -> (artifact id: 'a257eedba125127743d11ea4e1bd419a') in 0.0604223 seconds
Number of updated asset objects reloaded before import = 0Number of asset objects unloaded after import = 3

========================================================================
Received Import Request.
  Time since last request: 0.000048 seconds.
  path: Assets/Art/Free Assets Pack/Assest Packs/Treasure Hunters/Wood and Paper UI/Sprites/Yellow Board/7.png
  artifactKey: Guid(f52debb18cf3ae74db8a42221ba0e66b) Importer(815301076,1909f56bfc062723c751e8b465ee728b)
Start importing Assets/Art/Free Assets Pack/Assest Packs/Treasure Hunters/Wood and Paper UI/Sprites/Yellow Board/7.png using Guid(f52debb18cf3ae74db8a42221ba0e66b) Importer(815301076,1909f56bfc062723c751e8b465ee728b) (PreviewImporter) -> (artifact id: '9622f24ad4f15de100f8adeefe41a885') in 0.0600441 seconds
Number of updated asset objects reloaded before import = 0Number of asset objects unloaded after import = 3

========================================================================
Received Import Request.
  Time since last request: 3.297366 seconds.
  path: Assets/Art/Free Assets Pack/Assest Packs/Treasure Hunters/Wood and Paper UI/Sprites/Small Banner/1.png
  artifactKey: Guid(bc4aa1f6ff7616e42813f2d55025fe2a) Importer(815301076,1909f56bfc062723c751e8b465ee728b)
Start importing Assets/Art/Free Assets Pack/Assest Packs/Treasure Hunters/Wood and Paper UI/Sprites/Small Banner/1.png using Guid(bc4aa1f6ff7616e42813f2d55025fe2a) Importer(815301076,1909f56bfc062723c751e8b465ee728b) (PreviewImporter) -> (artifact id: '4fd058b236407a1092b47dee37bfcc8a') in 0.0457458 seconds
Number of updated asset objects reloaded before import = 0Number of asset objects unloaded after import = 3

========================================================================
Received Import Request.
  Time since last request: 0.000029 seconds.
  path: Assets/Art/Free Assets Pack/Assest Packs/Treasure Hunters/Wood and Paper UI/Sprites/Small Banner/3.png
  artifactKey: Guid(5b46fc44d3adae74d944a88b65275cbb) Importer(815301076,1909f56bfc062723c751e8b465ee728b)
Start importing Assets/Art/Free Assets Pack/Assest Packs/Treasure Hunters/Wood and Paper UI/Sprites/Small Banner/3.png using Guid(5b46fc44d3adae74d944a88b65275cbb) Importer(815301076,1909f56bfc062723c751e8b465ee728b) (PreviewImporter) -> (artifact id: 'fc477145997172c9217e30854c98ea0b') in 0.0403335 seconds
Number of updated asset objects reloaded before import = 0Number of asset objects unloaded after import = 3

========================================================================
Received Import Request.
  Time since last request: 0.000033 seconds.
  path: Assets/Art/Free Assets Pack/Assest Packs/Treasure Hunters/Wood and Paper UI/Sprites/Small Banner/8.png
  artifactKey: Guid(c335063b055a5ee4e9722be0d49aa2a3) Importer(815301076,1909f56bfc062723c751e8b465ee728b)
Start importing Assets/Art/Free Assets Pack/Assest Packs/Treasure Hunters/Wood and Paper UI/Sprites/Small Banner/8.png using Guid(c335063b055a5ee4e9722be0d49aa2a3) Importer(815301076,1909f56bfc062723c751e8b465ee728b) (PreviewImporter) -> (artifact id: '7f0941394fd6cfcfbbe05e22124cb474') in 0.0598095 seconds
Number of updated asset objects reloaded before import = 0Number of asset objects unloaded after import = 3

========================================================================
Received Import Request.
  Time since last request: 0.000032 seconds.
  path: Assets/Art/Free Assets Pack/Assest Packs/Treasure Hunters/Wood and Paper UI/Sprites/Small Banner/11.png
  artifactKey: Guid(12301e07b62cee04e9ad4b5cf616cc89) Importer(815301076,1909f56bfc062723c751e8b465ee728b)
Start importing Assets/Art/Free Assets Pack/Assest Packs/Treasure Hunters/Wood and Paper UI/Sprites/Small Banner/11.png using Guid(12301e07b62cee04e9ad4b5cf616cc89) Importer(815301076,1909f56bfc062723c751e8b465ee728b) (PreviewImporter) -> (artifact id: 'd037a2b027dc5c9e5b2d4fac2626f71b') in 0.0518637 seconds
Number of updated asset objects reloaded before import = 0Number of asset objects unloaded after import = 3

========================================================================
Received Import Request.
  Time since last request: 0.000030 seconds.
  path: Assets/Art/Free Assets Pack/Assest Packs/Treasure Hunters/Wood and Paper UI/Sprites/Small Banner/4.png
  artifactKey: Guid(bf0359e9f407fa84a885347de1b6b1b6) Importer(815301076,1909f56bfc062723c751e8b465ee728b)
Start importing Assets/Art/Free Assets Pack/Assest Packs/Treasure Hunters/Wood and Paper UI/Sprites/Small Banner/4.png using Guid(bf0359e9f407fa84a885347de1b6b1b6) Importer(815301076,1909f56bfc062723c751e8b465ee728b) (PreviewImporter) -> (artifact id: '22240be33775ffa1c477e08151f01107') in 0.0793982 seconds
Number of updated asset objects reloaded before import = 0Number of asset objects unloaded after import = 3

========================================================================
Received Import Request.
  Time since last request: 0.000042 seconds.
  path: Assets/Art/Free Assets Pack/Assest Packs/Treasure Hunters/Wood and Paper UI/Sprites/Small Banner/9.png
  artifactKey: Guid(4dae0f0aadebc024eba908fb9c25c413) Importer(815301076,1909f56bfc062723c751e8b465ee728b)
Start importing Assets/Art/Free Assets Pack/Assest Packs/Treasure Hunters/Wood and Paper UI/Sprites/Small Banner/9.png using Guid(4dae0f0aadebc024eba908fb9c25c413) Importer(815301076,1909f56bfc062723c751e8b465ee728b) (PreviewImporter) -> (artifact id: 'c5ad7d2faf98431005ac71b97400ae1c') in 0.0482284 seconds
Number of updated asset objects reloaded before import = 0Number of asset objects unloaded after import = 3

========================================================================
Received Import Request.
  Time since last request: 0.000048 seconds.
  path: Assets/Art/Free Assets Pack/Assest Packs/Treasure Hunters/Wood and Paper UI/Sprites/Small Banner/5.png
  artifactKey: Guid(deee201e536551e468ffa3d7eec65bcd) Importer(815301076,1909f56bfc062723c751e8b465ee728b)
Start importing Assets/Art/Free Assets Pack/Assest Packs/Treasure Hunters/Wood and Paper UI/Sprites/Small Banner/5.png using Guid(deee201e536551e468ffa3d7eec65bcd) Importer(815301076,1909f56bfc062723c751e8b465ee728b) (PreviewImporter) -> (artifact id: '1f81348101d02ca77b73c7960d59a906') in 0.0573384 seconds
Number of updated asset objects reloaded before import = 0Number of asset objects unloaded after import = 3

========================================================================
Received Import Request.
  Time since last request: 0.205220 seconds.
  path: Assets/Art/Free Assets Pack/Assest Packs/Treasure Hunters/Wood and Paper UI/Sprites/Sliders/1.png
  artifactKey: Guid(fce65493e0fb8444784f8d836e453ad2) Importer(815301076,1909f56bfc062723c751e8b465ee728b)
Start importing Assets/Art/Free Assets Pack/Assest Packs/Treasure Hunters/Wood and Paper UI/Sprites/Sliders/1.png using Guid(fce65493e0fb8444784f8d836e453ad2) Importer(815301076,1909f56bfc062723c751e8b465ee728b) (PreviewImporter) -> (artifact id: 'c9d20b25384b8f7b2af7819c0bb527af') in 0.0392474 seconds
Number of updated asset objects reloaded before import = 0Number of asset objects unloaded after import = 3

========================================================================
Received Import Request.
  Time since last request: 0.000053 seconds.
  path: Assets/Art/Free Assets Pack/Assest Packs/Treasure Hunters/Wood and Paper UI/Sprites/Sliders/5.png
  artifactKey: Guid(9275612823e90b44f844bdb531c160c2) Importer(815301076,1909f56bfc062723c751e8b465ee728b)
Start importing Assets/Art/Free Assets Pack/Assest Packs/Treasure Hunters/Wood and Paper UI/Sprites/Sliders/5.png using Guid(9275612823e90b44f844bdb531c160c2) Importer(815301076,1909f56bfc062723c751e8b465ee728b) (PreviewImporter) -> (artifact id: 'c97bb4cec9dd0580e1323758643dcae8') in 0.0515746 seconds
Number of updated asset objects reloaded before import = 0Number of asset objects unloaded after import = 3

========================================================================
Received Import Request.
  Time since last request: 0.000047 seconds.
  path: Assets/Art/Free Assets Pack/Assest Packs/Treasure Hunters/Wood and Paper UI/Sprites/Sliders/10.png
  artifactKey: Guid(b0596951a56dad741b667fd2180f4085) Importer(815301076,1909f56bfc062723c751e8b465ee728b)
Start importing Assets/Art/Free Assets Pack/Assest Packs/Treasure Hunters/Wood and Paper UI/Sprites/Sliders/10.png using Guid(b0596951a56dad741b667fd2180f4085) Importer(815301076,1909f56bfc062723c751e8b465ee728b) (PreviewImporter) -> (artifact id: 'c08f4ddaa3cb5c62b81ee9cfa2e721c1') in 0.0579012 seconds
Number of updated asset objects reloaded before import = 0Number of asset objects unloaded after import = 3

========================================================================
Received Import Request.
  Time since last request: 0.000034 seconds.
  path: Assets/Art/Free Assets Pack/Assest Packs/Treasure Hunters/Wood and Paper UI/Sprites/Sliders/4.png
  artifactKey: Guid(917a909203272f540a4d61e1aeafed9f) Importer(815301076,1909f56bfc062723c751e8b465ee728b)
Start importing Assets/Art/Free Assets Pack/Assest Packs/Treasure Hunters/Wood and Paper UI/Sprites/Sliders/4.png using Guid(917a909203272f540a4d61e1aeafed9f) Importer(815301076,1909f56bfc062723c751e8b465ee728b) (PreviewImporter) -> (artifact id: '633b83a01ca1ca490f5df1da7ee5fe9a') in 0.0576081 seconds
Number of updated asset objects reloaded before import = 0Number of asset objects unloaded after import = 3

========================================================================
Received Import Request.
  Time since last request: 0.000038 seconds.
  path: Assets/Art/Free Assets Pack/Assest Packs/Treasure Hunters/Wood and Paper UI/Sprites/Sliders/3.png
  artifactKey: Guid(476ba9d07ce79ba45b03fa3fe2f7353a) Importer(815301076,1909f56bfc062723c751e8b465ee728b)
Start importing Assets/Art/Free Assets Pack/Assest Packs/Treasure Hunters/Wood and Paper UI/Sprites/Sliders/3.png using Guid(476ba9d07ce79ba45b03fa3fe2f7353a) Importer(815301076,1909f56bfc062723c751e8b465ee728b) (PreviewImporter) -> (artifact id: 'c134572d6c7a01e07caa21fdf64c7db2') in 0.0681118 seconds
Number of updated asset objects reloaded before import = 0Number of asset objects unloaded after import = 3

========================================================================
Received Import Request.
  Time since last request: 6.335817 seconds.
  path: Assets/Art/Other/ForSelectLevelScene/Yellow Paper (guide).png
  artifactKey: Guid(a2713da3f47aca14f9dd4415466e02d9) Importer(815301076,1909f56bfc062723c751e8b465ee728b)
Start importing Assets/Art/Other/ForSelectLevelScene/Yellow Paper (guide).png using Guid(a2713da3f47aca14f9dd4415466e02d9) Importer(815301076,1909f56bfc062723c751e8b465ee728b) (PreviewImporter) -> (artifact id: '505cfde193e913b882cb110913f6150a') in 0.2637337 seconds
Number of updated asset objects reloaded before import = 0Number of asset objects unloaded after import = 18

========================================================================
Received Import Request.
  Time since last request: 5.908558 seconds.
  path: Assets/Art/Other/ForSelectLevelScene/Yellow Button (guide).png
  artifactKey: Guid(9dfd2de23471fc74886c6d2913c612be) Importer(815301076,1909f56bfc062723c751e8b465ee728b)
Start importing Assets/Art/Other/ForSelectLevelScene/Yellow Button (guide).png using Guid(9dfd2de23471fc74886c6d2913c612be) Importer(815301076,1909f56bfc062723c751e8b465ee728b) (PreviewImporter) -> (artifact id: '8294935a7b2e8df5766d37a33bfb4191') in 0.197931 seconds
Number of updated asset objects reloaded before import = 0Number of asset objects unloaded after import = 18

========================================================================
Received Import Request.
  Time since last request: 5.006374 seconds.
  path: Assets/Art/Other/ForSelectLevelScene/Yellow Board (guide).png
  artifactKey: Guid(1c59220f96688e84f8e754e3dc47f0a7) Importer(815301076,1909f56bfc062723c751e8b465ee728b)
Start importing Assets/Art/Other/ForSelectLevelScene/Yellow Board (guide).png using Guid(1c59220f96688e84f8e754e3dc47f0a7) Importer(815301076,1909f56bfc062723c751e8b465ee728b) (PreviewImporter) -> (artifact id: '7b524c895cfd6794be65504c071c042d') in 0.2046831 seconds
Number of updated asset objects reloaded before import = 0Number of asset objects unloaded after import = 18

========================================================================
Received Import Request.
  Time since last request: 16.221070 seconds.
  path: Assets/Art/Other/ForSelectLevelScene/Decorations (32x32).png
  artifactKey: Guid(832637b9f790cf2499a8d394147d5e4b) Importer(815301076,1909f56bfc062723c751e8b465ee728b)
Start importing Assets/Art/Other/ForSelectLevelScene/Decorations (32x32).png using Guid(832637b9f790cf2499a8d394147d5e4b) Importer(815301076,1909f56bfc062723c751e8b465ee728b) (PreviewImporter) -> (artifact id: 'e5c18728ec667003a40abf9d4b486d07') in 0.1094957 seconds
Number of updated asset objects reloaded before import = 0Number of asset objects unloaded after import = 8

========================================================================
Received Import Request.
  Time since last request: 0.000067 seconds.
  path: Assets/Art/Other/ForSelectLevelScene/Yellow Button (guide).png
  artifactKey: Guid(9dfd2de23471fc74886c6d2913c612be) Importer(815301076,1909f56bfc062723c751e8b465ee728b)
Start importing Assets/Art/Other/ForSelectLevelScene/Yellow Button (guide).png using Guid(9dfd2de23471fc74886c6d2913c612be) Importer(815301076,1909f56bfc062723c751e8b465ee728b) (PreviewImporter) -> (artifact id: '9a59cf390fe952f1901dc8434fd8f530') in 0.1995869 seconds
Number of updated asset objects reloaded before import = 0Number of asset objects unloaded after import = 18

========================================================================
Received Import Request.
  Time since last request: 0.000056 seconds.
  path: Assets/Art/Other/ForSelectLevelScene/Yellow Paper (guide).png
  artifactKey: Guid(a2713da3f47aca14f9dd4415466e02d9) Importer(815301076,1909f56bfc062723c751e8b465ee728b)
Start importing Assets/Art/Other/ForSelectLevelScene/Yellow Paper (guide).png using Guid(a2713da3f47aca14f9dd4415466e02d9) Importer(815301076,1909f56bfc062723c751e8b465ee728b) (PreviewImporter) -> (artifact id: 'f870e274e61a461a089ccab45b73c72c') in 0.2002914 seconds
Number of updated asset objects reloaded before import = 0Number of asset objects unloaded after import = 18

========================================================================
Received Import Request.
  Time since last request: 9.161234 seconds.
  path: Assets/Art/Other/ForSelectLevelScene/Yellow Paper (guide).png
  artifactKey: Guid(a2713da3f47aca14f9dd4415466e02d9) Importer(815301076,1909f56bfc062723c751e8b465ee728b)
Start importing Assets/Art/Other/ForSelectLevelScene/Yellow Paper (guide).png using Guid(a2713da3f47aca14f9dd4415466e02d9) Importer(815301076,1909f56bfc062723c751e8b465ee728b) (PreviewImporter) -> (artifact id: '68abb15336446fc8890a3460ebf87318') in 0.1137423 seconds
Number of updated asset objects reloaded before import = 0Number of asset objects unloaded after import = 11

========================================================================
Received Import Request.
  Time since last request: 240.846601 seconds.
  path: Assets/Art/Other/ForSelectLevelScene/Yellow Paper (guide).png
  artifactKey: Guid(a2713da3f47aca14f9dd4415466e02d9) Importer(815301076,1909f56bfc062723c751e8b465ee728b)
Start importing Assets/Art/Other/ForSelectLevelScene/Yellow Paper (guide).png using Guid(a2713da3f47aca14f9dd4415466e02d9) Importer(815301076,1909f56bfc062723c751e8b465ee728b) (PreviewImporter) -> (artifact id: '9fa4d43d95187945ba70a7472e4fa936') in 0.2205512 seconds
Number of updated asset objects reloaded before import = 0Number of asset objects unloaded after import = 18

========================================================================
Received Import Request.
  Time since last request: 18.144933 seconds.
  path: Assets/Art/Other/ForSelectLevelScene/Yellow Button (guide).png
  artifactKey: Guid(9dfd2de23471fc74886c6d2913c612be) Importer(815301076,1909f56bfc062723c751e8b465ee728b)
Start importing Assets/Art/Other/ForSelectLevelScene/Yellow Button (guide).png using Guid(9dfd2de23471fc74886c6d2913c612be) Importer(815301076,1909f56bfc062723c751e8b465ee728b) (PreviewImporter) -> (artifact id: 'ee2d93712020490e1c68fe3867802b4f') in 0.1630384 seconds
Number of updated asset objects reloaded before import = 0Number of asset objects unloaded after import = 18

========================================================================
Received Import Request.
  Time since last request: 5.483433 seconds.
  path: Assets/Art/Other/ForSelectLevelScene/Yellow Button (guide).png
  artifactKey: Guid(9dfd2de23471fc74886c6d2913c612be) Importer(815301076,1909f56bfc062723c751e8b465ee728b)
Start importing Assets/Art/Other/ForSelectLevelScene/Yellow Button (guide).png using Guid(9dfd2de23471fc74886c6d2913c612be) Importer(815301076,1909f56bfc062723c751e8b465ee728b) (PreviewImporter) -> (artifact id: '8548bab337f748c3659eaa9e3aba1999') in 0.1681599 seconds
Number of updated asset objects reloaded before import = 0Number of asset objects unloaded after import = 18

========================================================================
Received Import Request.
  Time since last request: 7.320567 seconds.
  path: Assets/Art/Other/ForSelectLevelScene/Yellow Board (guide).png
  artifactKey: Guid(1c59220f96688e84f8e754e3dc47f0a7) Importer(815301076,1909f56bfc062723c751e8b465ee728b)
Start importing Assets/Art/Other/ForSelectLevelScene/Yellow Board (guide).png using Guid(1c59220f96688e84f8e754e3dc47f0a7) Importer(815301076,1909f56bfc062723c751e8b465ee728b) (PreviewImporter) -> (artifact id: '00eab175f59c70639739fad28cbd8ab9') in 0.1752941 seconds
Number of updated asset objects reloaded before import = 0Number of asset objects unloaded after import = 18

========================================================================
Received Import Request.
  Time since last request: 23.582984 seconds.
  path: Assets/Art/Other/ForSelectLevelScene/Tile-Sets (64-64).png
  artifactKey: Guid(a8bf9197354474647b47ef0e229b7915) Importer(815301076,1909f56bfc062723c751e8b465ee728b)
Start importing Assets/Art/Other/ForSelectLevelScene/Tile-Sets (64-64).png using Guid(a8bf9197354474647b47ef0e229b7915) Importer(815301076,1909f56bfc062723c751e8b465ee728b) (PreviewImporter) -> (artifact id: '3d405028c5c883e1c1755773455dacc8') in 0.9299081 seconds
Number of updated asset objects reloaded before import = 0Number of asset objects unloaded after import = 114

========================================================================
Received Import Request.
  Time since last request: 13.154151 seconds.
  path: Assets/Art/Other/ForSelectLevelScene/Terrain (32x32).png
  artifactKey: Guid(1ae906bdcc5db1c4f8597f4422b3e1e4) Importer(815301076,1909f56bfc062723c751e8b465ee728b)
Start importing Assets/Art/Other/ForSelectLevelScene/Terrain (32x32).png using Guid(1ae906bdcc5db1c4f8597f4422b3e1e4) Importer(815301076,1909f56bfc062723c751e8b465ee728b) (PreviewImporter) -> (artifact id: 'd18cacc494c8e8417087ae03a5a983ff') in 0.7815564 seconds
Number of updated asset objects reloaded before import = 0Number of asset objects unloaded after import = 96

========================================================================
Received Import Request.
  Time since last request: 9.753507 seconds.
  path: Assets/Art/Other/ForSelectLevelScene/Decorations (32x32).png
  artifactKey: Guid(832637b9f790cf2499a8d394147d5e4b) Importer(815301076,1909f56bfc062723c751e8b465ee728b)
Start importing Assets/Art/Other/ForSelectLevelScene/Decorations (32x32).png using Guid(832637b9f790cf2499a8d394147d5e4b) Importer(815301076,1909f56bfc062723c751e8b465ee728b) (PreviewImporter) -> (artifact id: '28e735d9b76739743f81fc076fbdf271') in 0.1997602 seconds
Number of updated asset objects reloaded before import = 0Number of asset objects unloaded after import = 22

========================================================================
Received Import Request.
  Time since last request: 114.660587 seconds.
  path: Assets/Art/Free Assets Pack/TileSet/Seasonal Tilesets/3 - Tropics/Background parts/4 - Background_clouds.png
  artifactKey: Guid(a894a354c3d55b849a52c7429bf20350) Importer(815301076,1909f56bfc062723c751e8b465ee728b)
Start importing Assets/Art/Free Assets Pack/TileSet/Seasonal Tilesets/3 - Tropics/Background parts/4 - Background_clouds.png using Guid(a894a354c3d55b849a52c7429bf20350) Importer(815301076,1909f56bfc062723c751e8b465ee728b) (PreviewImporter) -> (artifact id: '20aecda7cf303b4b70d18fb9a2501eb8') in 0.0475965 seconds
Number of updated asset objects reloaded before import = 0Number of asset objects unloaded after import = 3

========================================================================
Received Import Request.
  Time since last request: 0.000053 seconds.
  path: Assets/Art/Free Assets Pack/Food/1/14_bacon_dish.png
  artifactKey: Guid(ed881fa246ded16428cd44e5ac0885bc) Importer(815301076,1909f56bfc062723c751e8b465ee728b)
Start importing Assets/Art/Free Assets Pack/Food/1/14_bacon_dish.png using Guid(ed881fa246ded16428cd44e5ac0885bc) Importer(815301076,1909f56bfc062723c751e8b465ee728b) (PreviewImporter) -> (artifact id: 'c0a6a673678e3ceac3d87adbc34da3c1') in 0.047618 seconds
Number of updated asset objects reloaded before import = 0Number of asset objects unloaded after import = 3

========================================================================
Received Import Request.
  Time since last request: 0.000064 seconds.
  path: Assets/Art/Free Assets Pack/Assest Packs/Treasure Hunters/Palm Tree Island/Sprites/Back Palm Trees/Back Palm Tree Left 02.png
  artifactKey: Guid(fde5214b507d2ab42aec21e4ba8bc9eb) Importer(815301076,1909f56bfc062723c751e8b465ee728b)
Start importing Assets/Art/Free Assets Pack/Assest Packs/Treasure Hunters/Palm Tree Island/Sprites/Back Palm Trees/Back Palm Tree Left 02.png using Guid(fde5214b507d2ab42aec21e4ba8bc9eb) Importer(815301076,1909f56bfc062723c751e8b465ee728b) (PreviewImporter) -> (artifact id: 'c58485aab8fa78fa5b19b5ef16ad5cc7') in 0.0460084 seconds
Number of updated asset objects reloaded before import = 0Number of asset objects unloaded after import = 3

========================================================================
Received Import Request.
  Time since last request: 0.118986 seconds.
  path: Assets/Art/Free Assets Pack/Assest Packs/Berie's_Adventure_Seaside_Asset_Pack_Free/Spritesheet/background.png
  artifactKey: Guid(21a1b7904b74f554aa3e6d5e027fdbff) Importer(815301076,1909f56bfc062723c751e8b465ee728b)
Start importing Assets/Art/Free Assets Pack/Assest Packs/Berie's_Adventure_Seaside_Asset_Pack_Free/Spritesheet/background.png using Guid(21a1b7904b74f554aa3e6d5e027fdbff) Importer(815301076,1909f56bfc062723c751e8b465ee728b) (PreviewImporter) -> (artifact id: 'd31b32c9540179d23eff86835a70684b') in 0.1215235 seconds
Number of updated asset objects reloaded before import = 0Number of asset objects unloaded after import = 11

========================================================================
Received Import Request.
  Time since last request: 0.000051 seconds.
  path: Assets/Art/Free Assets Pack/TileSet/1/2 Background/Background.png
  artifactKey: Guid(0a0bec634b7d4a142a0611b5b53b6744) Importer(815301076,1909f56bfc062723c751e8b465ee728b)
Start importing Assets/Art/Free Assets Pack/TileSet/1/2 Background/Background.png using Guid(0a0bec634b7d4a142a0611b5b53b6744) Importer(815301076,1909f56bfc062723c751e8b465ee728b) (PreviewImporter) -> (artifact id: '400fba8a4d06c42ee85a62f871d8b893') in 0.0605471 seconds
Number of updated asset objects reloaded before import = 0Number of asset objects unloaded after import = 3

========================================================================
Received Import Request.
  Time since last request: 0.000069 seconds.
  path: Assets/Art/Free Assets Pack/Assest Packs/Dagon's Fantasy - Free Version/Tileset/Parallax Background/Background/Background.png
  artifactKey: Guid(59b5ed65646ac2149888eff2e85f38b8) Importer(815301076,1909f56bfc062723c751e8b465ee728b)
Start importing Assets/Art/Free Assets Pack/Assest Packs/Dagon's Fantasy - Free Version/Tileset/Parallax Background/Background/Background.png using Guid(59b5ed65646ac2149888eff2e85f38b8) Importer(815301076,1909f56bfc062723c751e8b465ee728b) (PreviewImporter) -> (artifact id: 'b221446ed87966a9ff5d1938eb05b07c') in 0.0669282 seconds
Number of updated asset objects reloaded before import = 0Number of asset objects unloaded after import = 3

========================================================================
Received Import Request.
  Time since last request: 16.350568 seconds.
  path: Assets/Art/Free Assets Pack/Assest Packs/Berie's_Adventure_Seaside_Asset_Pack_Free/PNG/background.png
  artifactKey: Guid(cc3d258cb38c2b84eafff23e2e91fa5f) Importer(815301076,1909f56bfc062723c751e8b465ee728b)
Start importing Assets/Art/Free Assets Pack/Assest Packs/Berie's_Adventure_Seaside_Asset_Pack_Free/PNG/background.png using Guid(cc3d258cb38c2b84eafff23e2e91fa5f) Importer(815301076,1909f56bfc062723c751e8b465ee728b) (PreviewImporter) -> (artifact id: '5275f65a0b6c29fdc0258a921864f8ec') in 0.0380458 seconds
Number of updated asset objects reloaded before import = 0Number of asset objects unloaded after import = 3

========================================================================
Received Import Request.
  Time since last request: 330.851914 seconds.
  path: Assets/Art/Other/ForSelectLevelScene/TilePalette13.prefab
  artifactKey: Guid(5b7f5e1bebb842e43b113d69ec4cf769) Importer(815301076,1909f56bfc062723c751e8b465ee728b)
Start importing Assets/Art/Other/ForSelectLevelScene/TilePalette13.prefab using Guid(5b7f5e1bebb842e43b113d69ec4cf769) Importer(815301076,1909f56bfc062723c751e8b465ee728b) (PreviewImporter) -> (artifact id: '87ad5b47749f24db7dbe5c35c17edf27') in 0.9652879 seconds
Number of updated asset objects reloaded before import = 0Number of asset objects unloaded after import = 11

========================================================================
Received Import Request.
  Time since last request: 11.573538 seconds.
  path: Assets/Art/Other/ForSelectLevelScene/TilePalette13.prefab
  artifactKey: Guid(5b7f5e1bebb842e43b113d69ec4cf769) Importer(815301076,1909f56bfc062723c751e8b465ee728b)
Start importing Assets/Art/Other/ForSelectLevelScene/TilePalette13.prefab using Guid(5b7f5e1bebb842e43b113d69ec4cf769) Importer(815301076,1909f56bfc062723c751e8b465ee728b) (PreviewImporter) -> (artifact id: 'e669e10688a02bddcae05b625d3753f7') in 0.0248356 seconds
Number of updated asset objects reloaded before import = 0Number of asset objects unloaded after import = 10

========================================================================
Received Import Request.
  Time since last request: 46.745500 seconds.
  path: Assets/Art/Other/ForSelectLevelScene/TilePalette13.prefab
  artifactKey: Guid(5b7f5e1bebb842e43b113d69ec4cf769) Importer(815301076,1909f56bfc062723c751e8b465ee728b)
Start importing Assets/Art/Other/ForSelectLevelScene/TilePalette13.prefab using Guid(5b7f5e1bebb842e43b113d69ec4cf769) Importer(815301076,1909f56bfc062723c751e8b465ee728b) (PreviewImporter) -> (artifact id: 'e20afcea27fb0ffbced91a62de6393d9') in 0.0885106 seconds
Number of updated asset objects reloaded before import = 0Number of asset objects unloaded after import = 43

========================================================================
Received Import Request.
  Time since last request: 0.000059 seconds.
  path: Assets/Art/Other/ForSelectLevelScene/Yellow Board (guide)_9.asset
  artifactKey: Guid(e52878817c104754a8f4cebc319070ad) Importer(815301076,1909f56bfc062723c751e8b465ee728b)
Start importing Assets/Art/Other/ForSelectLevelScene/Yellow Board (guide)_9.asset using Guid(e52878817c104754a8f4cebc319070ad) Importer(815301076,1909f56bfc062723c751e8b465ee728b) (PreviewImporter) -> (artifact id: '62690462e5e42c8ae77b2a219ffacafa') in 0.0530883 seconds
Number of updated asset objects reloaded before import = 0Number of asset objects unloaded after import = 3

========================================================================
Received Import Request.
  Time since last request: 0.000170 seconds.
  path: Assets/Art/Other/ForSelectLevelScene/Yellow Board (guide)_12.asset
  artifactKey: Guid(64f9d0d5b9cd92c4d9894df2d0393696) Importer(815301076,1909f56bfc062723c751e8b465ee728b)
Start importing Assets/Art/Other/ForSelectLevelScene/Yellow Board (guide)_12.asset using Guid(64f9d0d5b9cd92c4d9894df2d0393696) Importer(815301076,1909f56bfc062723c751e8b465ee728b) (PreviewImporter) -> (artifact id: '6d347d07c278377bb21aec318f178b74') in 0.0325048 seconds
Number of updated asset objects reloaded before import = 0Number of asset objects unloaded after import = 3

========================================================================
Received Import Request.
  Time since last request: 0.000039 seconds.
  path: Assets/Art/Other/ForSelectLevelScene/Yellow Board (guide)_2.asset
  artifactKey: Guid(68d4049c340357e498abae965cf83f0f) Importer(815301076,1909f56bfc062723c751e8b465ee728b)
Start importing Assets/Art/Other/ForSelectLevelScene/Yellow Board (guide)_2.asset using Guid(68d4049c340357e498abae965cf83f0f) Importer(815301076,1909f56bfc062723c751e8b465ee728b) (PreviewImporter) -> (artifact id: 'e52ca8bb653d6a0bc21970329d235160') in 0.0397237 seconds
Number of updated asset objects reloaded before import = 0Number of asset objects unloaded after import = 3

========================================================================
Received Import Request.
  Time since last request: 0.000067 seconds.
  path: Assets/Art/Other/ForSelectLevelScene/Yellow Board (guide)_14.asset
  artifactKey: Guid(4d31d1e781681b344a4d560876edb477) Importer(815301076,1909f56bfc062723c751e8b465ee728b)
Start importing Assets/Art/Other/ForSelectLevelScene/Yellow Board (guide)_14.asset using Guid(4d31d1e781681b344a4d560876edb477) Importer(815301076,1909f56bfc062723c751e8b465ee728b) (PreviewImporter) -> (artifact id: '21dd4602923be18dfbd26bcf90d22d71') in 0.0243407 seconds
Number of updated asset objects reloaded before import = 0Number of asset objects unloaded after import = 3

========================================================================
Received Import Request.
  Time since last request: 0.000076 seconds.
  path: Assets/Art/Other/ForSelectLevelScene/Yellow Board (guide)_3.asset
  artifactKey: Guid(2d8140dfc1a10974ea1ca84d475e7b62) Importer(815301076,1909f56bfc062723c751e8b465ee728b)
Start importing Assets/Art/Other/ForSelectLevelScene/Yellow Board (guide)_3.asset using Guid(2d8140dfc1a10974ea1ca84d475e7b62) Importer(815301076,1909f56bfc062723c751e8b465ee728b) (PreviewImporter) -> (artifact id: '8f6e50f29290e038ad77b4fe1043e739') in 0.0464572 seconds
Number of updated asset objects reloaded before import = 0Number of asset objects unloaded after import = 3

========================================================================
Received Import Request.
  Time since last request: 0.000062 seconds.
  path: Assets/Art/Other/ForSelectLevelScene/Yellow Board (guide)_10.asset
  artifactKey: Guid(9d7067af3669f524b9abe1bcf58113c3) Importer(815301076,1909f56bfc062723c751e8b465ee728b)
Start importing Assets/Art/Other/ForSelectLevelScene/Yellow Board (guide)_10.asset using Guid(9d7067af3669f524b9abe1bcf58113c3) Importer(815301076,1909f56bfc062723c751e8b465ee728b) (PreviewImporter) -> (artifact id: 'b0695a4cd2f885f8e9fbb888307e4a5b') in 0.0435712 seconds
Number of updated asset objects reloaded before import = 0Number of asset objects unloaded after import = 3

========================================================================
Received Import Request.
  Time since last request: 0.000047 seconds.
  path: Assets/Art/Other/ForSelectLevelScene/Yellow Board (guide)_6.asset
  artifactKey: Guid(4e2876f01e8c70445997cb0036465b84) Importer(815301076,1909f56bfc062723c751e8b465ee728b)
Start importing Assets/Art/Other/ForSelectLevelScene/Yellow Board (guide)_6.asset using Guid(4e2876f01e8c70445997cb0036465b84) Importer(815301076,1909f56bfc062723c751e8b465ee728b) (PreviewImporter) -> (artifact id: '74b45393e821c535adc1a87c10766ee6') in 0.0489293 seconds
Number of updated asset objects reloaded before import = 0Number of asset objects unloaded after import = 3

========================================================================
Received Import Request.
  Time since last request: 27.313637 seconds.
  path: Assets/Art/Other/ForSelectLevelScene/Yellow Board (guide).png
  artifactKey: Guid(1c59220f96688e84f8e754e3dc47f0a7) Importer(815301076,1909f56bfc062723c751e8b465ee728b)
Start importing Assets/Art/Other/ForSelectLevelScene/Yellow Board (guide).png using Guid(1c59220f96688e84f8e754e3dc47f0a7) Importer(815301076,1909f56bfc062723c751e8b465ee728b) (PreviewImporter) -> (artifact id: 'cb4d28d791f1eba01b9ac2e351d1d1f8') in 0.1981062 seconds
Number of updated asset objects reloaded before import = 0Number of asset objects unloaded after import = 18

========================================================================
Received Import Request.
  Time since last request: 6.505291 seconds.
  path: Assets/Art/Other/ForSelectLevelScene/TilePalette13.prefab
  artifactKey: Guid(5b7f5e1bebb842e43b113d69ec4cf769) Importer(815301076,1909f56bfc062723c751e8b465ee728b)
Start importing Assets/Art/Other/ForSelectLevelScene/TilePalette13.prefab using Guid(5b7f5e1bebb842e43b113d69ec4cf769) Importer(815301076,1909f56bfc062723c751e8b465ee728b) (PreviewImporter) -> (artifact id: '0d7e59b831cedbad1f39e3098b2035f2') in 0.0715938 seconds
Number of updated asset objects reloaded before import = 0Number of asset objects unloaded after import = 43

========================================================================
Received Import Request.
  Time since last request: 0.000042 seconds.
  path: Assets/Art/Other/ForSelectLevelScene/Yellow Board (guide)_9.asset
  artifactKey: Guid(e52878817c104754a8f4cebc319070ad) Importer(815301076,1909f56bfc062723c751e8b465ee728b)
Start importing Assets/Art/Other/ForSelectLevelScene/Yellow Board (guide)_9.asset using Guid(e52878817c104754a8f4cebc319070ad) Importer(815301076,1909f56bfc062723c751e8b465ee728b) (PreviewImporter) -> (artifact id: 'fa2bf56f693a9d0cee3cb3d5513049d7') in 0.0160417 seconds
Number of updated asset objects reloaded before import = 0Number of asset objects unloaded after import = 3

========================================================================
Received Import Request.
  Time since last request: 0.000057 seconds.
  path: Assets/Art/Other/ForSelectLevelScene/Yellow Board (guide)_7.asset
  artifactKey: Guid(887c001ddcc0d984f92f891649d87c30) Importer(815301076,1909f56bfc062723c751e8b465ee728b)
Start importing Assets/Art/Other/ForSelectLevelScene/Yellow Board (guide)_7.asset using Guid(887c001ddcc0d984f92f891649d87c30) Importer(815301076,1909f56bfc062723c751e8b465ee728b) (PreviewImporter) -> (artifact id: 'e0d4481d229405797d08e955d8a9633f') in 0.0150088 seconds
Number of updated asset objects reloaded before import = 0Number of asset objects unloaded after import = 3

========================================================================
Received Import Request.
  Time since last request: 0.000041 seconds.
  path: Assets/Art/Other/ForSelectLevelScene/Yellow Board (guide)_2.asset
  artifactKey: Guid(68d4049c340357e498abae965cf83f0f) Importer(815301076,1909f56bfc062723c751e8b465ee728b)
Start importing Assets/Art/Other/ForSelectLevelScene/Yellow Board (guide)_2.asset using Guid(68d4049c340357e498abae965cf83f0f) Importer(815301076,1909f56bfc062723c751e8b465ee728b) (PreviewImporter) -> (artifact id: '3da84b386921619fdddc0cf3d7c18ac9') in 0.0157781 seconds
Number of updated asset objects reloaded before import = 0Number of asset objects unloaded after import = 3

========================================================================
Received Import Request.
  Time since last request: 0.000046 seconds.
  path: Assets/Art/Other/ForSelectLevelScene/Yellow Board (guide)_1.asset
  artifactKey: Guid(916054534fc566c429d248c4f62b62a4) Importer(815301076,1909f56bfc062723c751e8b465ee728b)
Start importing Assets/Art/Other/ForSelectLevelScene/Yellow Board (guide)_1.asset using Guid(916054534fc566c429d248c4f62b62a4) Importer(815301076,1909f56bfc062723c751e8b465ee728b) (PreviewImporter) -> (artifact id: '01876c4d777848aff6b078086ea78783') in 0.0148813 seconds
Number of updated asset objects reloaded before import = 0Number of asset objects unloaded after import = 3

========================================================================
Received Import Request.
  Time since last request: 0.000054 seconds.
  path: Assets/Art/Other/ForSelectLevelScene/Yellow Board (guide)_4.asset
  artifactKey: Guid(d1fff805175fa9e42897765cf2ae9c36) Importer(815301076,1909f56bfc062723c751e8b465ee728b)
Start importing Assets/Art/Other/ForSelectLevelScene/Yellow Board (guide)_4.asset using Guid(d1fff805175fa9e42897765cf2ae9c36) Importer(815301076,1909f56bfc062723c751e8b465ee728b) (PreviewImporter) -> (artifact id: '9f1287800e06ee313ba201ff18d662b2') in 0.0298946 seconds
Number of updated asset objects reloaded before import = 0Number of asset objects unloaded after import = 3

========================================================================
Received Import Request.
  Time since last request: 0.000037 seconds.
  path: Assets/Art/Other/ForSelectLevelScene/Yellow Board (guide)_13.asset
  artifactKey: Guid(9c68a30248d16cb428eda131fe7fd3a0) Importer(815301076,1909f56bfc062723c751e8b465ee728b)
Start importing Assets/Art/Other/ForSelectLevelScene/Yellow Board (guide)_13.asset using Guid(9c68a30248d16cb428eda131fe7fd3a0) Importer(815301076,1909f56bfc062723c751e8b465ee728b) (PreviewImporter) -> (artifact id: '6ddf2ce05100697575376c4f74fe4dcb') in 0.0145736 seconds
Number of updated asset objects reloaded before import = 0Number of asset objects unloaded after import = 3

========================================================================
Received Import Request.
  Time since last request: 0.000059 seconds.
  path: Assets/Art/Other/ForSelectLevelScene/Yellow Board (guide)_6.asset
  artifactKey: Guid(4e2876f01e8c70445997cb0036465b84) Importer(815301076,1909f56bfc062723c751e8b465ee728b)
Start importing Assets/Art/Other/ForSelectLevelScene/Yellow Board (guide)_6.asset using Guid(4e2876f01e8c70445997cb0036465b84) Importer(815301076,1909f56bfc062723c751e8b465ee728b) (PreviewImporter) -> (artifact id: 'd5ce93a0c7069bc095836b7f9930f560') in 0.0158726 seconds
Number of updated asset objects reloaded before import = 0Number of asset objects unloaded after import = 3

========================================================================
Received Import Request.
  Time since last request: 31.626560 seconds.
  path: Assets/Art/Other/ForSelectLevelScene/Yellow Board (guide).png
  artifactKey: Guid(1c59220f96688e84f8e754e3dc47f0a7) Importer(815301076,1909f56bfc062723c751e8b465ee728b)
Start importing Assets/Art/Other/ForSelectLevelScene/Yellow Board (guide).png using Guid(1c59220f96688e84f8e754e3dc47f0a7) Importer(815301076,1909f56bfc062723c751e8b465ee728b) (PreviewImporter) -> (artifact id: '1c4725008f4c4e35d0b4af8c257fce00') in 0.3357172 seconds
Number of updated asset objects reloaded before import = 0Number of asset objects unloaded after import = 18

========================================================================
Received Import Request.
  Time since last request: 9.786349 seconds.
  path: Assets/Art/Other/ForSelectLevelScene/Yellow Board (guide).png
  artifactKey: Guid(1c59220f96688e84f8e754e3dc47f0a7) Importer(815301076,1909f56bfc062723c751e8b465ee728b)
Start importing Assets/Art/Other/ForSelectLevelScene/Yellow Board (guide).png using Guid(1c59220f96688e84f8e754e3dc47f0a7) Importer(815301076,1909f56bfc062723c751e8b465ee728b) (PreviewImporter) -> (artifact id: 'eddffb6abfff50d7eb62469a3eefbb89') in 0.2042767 seconds
Number of updated asset objects reloaded before import = 0Number of asset objects unloaded after import = 18

========================================================================
Received Import Request.
  Time since last request: 28.568903 seconds.
  path: Assets/Art/Other/ForSelectLevelScene/TilePalette13.prefab
  artifactKey: Guid(5b7f5e1bebb842e43b113d69ec4cf769) Importer(815301076,1909f56bfc062723c751e8b465ee728b)
Start importing Assets/Art/Other/ForSelectLevelScene/TilePalette13.prefab using Guid(5b7f5e1bebb842e43b113d69ec4cf769) Importer(815301076,1909f56bfc062723c751e8b465ee728b) (PreviewImporter) -> (artifact id: 'e6784ff3416467b5377e7a61936f5c77') in 0.0531083 seconds
Number of updated asset objects reloaded before import = 0Number of asset objects unloaded after import = 43

========================================================================
Received Import Request.
  Time since last request: 0.000045 seconds.
  path: Assets/Art/Other/ForSelectLevelScene/Yellow Board (guide)_9.asset
  artifactKey: Guid(e52878817c104754a8f4cebc319070ad) Importer(815301076,1909f56bfc062723c751e8b465ee728b)
Start importing Assets/Art/Other/ForSelectLevelScene/Yellow Board (guide)_9.asset using Guid(e52878817c104754a8f4cebc319070ad) Importer(815301076,1909f56bfc062723c751e8b465ee728b) (PreviewImporter) -> (artifact id: 'd843480e50cac59cefc125e24a8d7efe') in 0.0149877 seconds
Number of updated asset objects reloaded before import = 0Number of asset objects unloaded after import = 3

========================================================================
Received Import Request.
  Time since last request: 0.000057 seconds.
  path: Assets/Art/Other/ForSelectLevelScene/Yellow Board (guide)_7.asset
  artifactKey: Guid(887c001ddcc0d984f92f891649d87c30) Importer(815301076,1909f56bfc062723c751e8b465ee728b)
Start importing Assets/Art/Other/ForSelectLevelScene/Yellow Board (guide)_7.asset using Guid(887c001ddcc0d984f92f891649d87c30) Importer(815301076,1909f56bfc062723c751e8b465ee728b) (PreviewImporter) -> (artifact id: '2d053e74295ca6bb3db54f363bd23c84') in 0.0152465 seconds
Number of updated asset objects reloaded before import = 0Number of asset objects unloaded after import = 3

========================================================================
Received Import Request.
  Time since last request: 0.000057 seconds.
  path: Assets/Art/Other/ForSelectLevelScene/Yellow Board (guide)_15.asset
  artifactKey: Guid(61ef66c6202696b4ab9907f12e25392a) Importer(815301076,1909f56bfc062723c751e8b465ee728b)
Start importing Assets/Art/Other/ForSelectLevelScene/Yellow Board (guide)_15.asset using Guid(61ef66c6202696b4ab9907f12e25392a) Importer(815301076,1909f56bfc062723c751e8b465ee728b) (PreviewImporter) -> (artifact id: 'b3cacd23419d0f61f3061e619664804f') in 0.0393795 seconds
Number of updated asset objects reloaded before import = 0Number of asset objects unloaded after import = 3

========================================================================
Received Import Request.
  Time since last request: 0.000051 seconds.
  path: Assets/Art/Other/ForSelectLevelScene/Yellow Board (guide)_1.asset
  artifactKey: Guid(916054534fc566c429d248c4f62b62a4) Importer(815301076,1909f56bfc062723c751e8b465ee728b)
Start importing Assets/Art/Other/ForSelectLevelScene/Yellow Board (guide)_1.asset using Guid(916054534fc566c429d248c4f62b62a4) Importer(815301076,1909f56bfc062723c751e8b465ee728b) (PreviewImporter) -> (artifact id: '29b6debba3a1b27727627c8875a074b9') in 0.0316986 seconds
Number of updated asset objects reloaded before import = 0Number of asset objects unloaded after import = 3

========================================================================
Received Import Request.
  Time since last request: 0.000135 seconds.
  path: Assets/Art/Other/ForSelectLevelScene/Yellow Board (guide)_4.asset
  artifactKey: Guid(d1fff805175fa9e42897765cf2ae9c36) Importer(815301076,1909f56bfc062723c751e8b465ee728b)
Start importing Assets/Art/Other/ForSelectLevelScene/Yellow Board (guide)_4.asset using Guid(d1fff805175fa9e42897765cf2ae9c36) Importer(815301076,1909f56bfc062723c751e8b465ee728b) (PreviewImporter) -> (artifact id: 'c201cb480f3d0b4e94650690422db001') in 0.0294975 seconds
Number of updated asset objects reloaded before import = 0Number of asset objects unloaded after import = 3

========================================================================
Received Import Request.
  Time since last request: 0.000039 seconds.
  path: Assets/Art/Other/ForSelectLevelScene/Yellow Board (guide)_13.asset
  artifactKey: Guid(9c68a30248d16cb428eda131fe7fd3a0) Importer(815301076,1909f56bfc062723c751e8b465ee728b)
Start importing Assets/Art/Other/ForSelectLevelScene/Yellow Board (guide)_13.asset using Guid(9c68a30248d16cb428eda131fe7fd3a0) Importer(815301076,1909f56bfc062723c751e8b465ee728b) (PreviewImporter) -> (artifact id: '84fa4c15b485929c5bba18fba26418b6') in 0.0349605 seconds
Number of updated asset objects reloaded before import = 0Number of asset objects unloaded after import = 3

========================================================================
Received Import Request.
  Time since last request: 0.000066 seconds.
  path: Assets/Art/Other/ForSelectLevelScene/Yellow Board (guide)_6.asset
  artifactKey: Guid(4e2876f01e8c70445997cb0036465b84) Importer(815301076,1909f56bfc062723c751e8b465ee728b)
Start importing Assets/Art/Other/ForSelectLevelScene/Yellow Board (guide)_6.asset using Guid(4e2876f01e8c70445997cb0036465b84) Importer(815301076,1909f56bfc062723c751e8b465ee728b) (PreviewImporter) -> (artifact id: '75116ec6d7e99b6a50b117eff332a430') in 0.0159726 seconds
Number of updated asset objects reloaded before import = 0Number of asset objects unloaded after import = 3

========================================================================
Received Import Request.
  Time since last request: 47.701405 seconds.
  path: Assets/Art/Free Assets Pack/Assest Packs/Treasure Hunters/Palm Tree Island/Sprites/Back Palm Trees/Back Palm Tree Left 04.png
  artifactKey: Guid(dd234b6d597e7964794b809f0947cc02) Importer(815301076,1909f56bfc062723c751e8b465ee728b)
Start importing Assets/Art/Free Assets Pack/Assest Packs/Treasure Hunters/Palm Tree Island/Sprites/Back Palm Trees/Back Palm Tree Left 04.png using Guid(dd234b6d597e7964794b809f0947cc02) Importer(815301076,1909f56bfc062723c751e8b465ee728b) (PreviewImporter) -> (artifact id: 'f63101ed0589db97672cd59b4a52cdbb') in 0.051383 seconds
Number of updated asset objects reloaded before import = 0Number of asset objects unloaded after import = 3

========================================================================
Received Import Request.
  Time since last request: 49.111944 seconds.
  path: Assets/Art/Other/ForSelectLevelScene/Yellow Board (guide).png
  artifactKey: Guid(1c59220f96688e84f8e754e3dc47f0a7) Importer(815301076,1909f56bfc062723c751e8b465ee728b)
Start importing Assets/Art/Other/ForSelectLevelScene/Yellow Board (guide).png using Guid(1c59220f96688e84f8e754e3dc47f0a7) Importer(815301076,1909f56bfc062723c751e8b465ee728b) (PreviewImporter) -> (artifact id: 'e5f1eb96fce295d257e82bcb2a4ad8b8') in 0.3207607 seconds
Number of updated asset objects reloaded before import = 0Number of asset objects unloaded after import = 18

========================================================================
Received Import Request.
  Time since last request: 8.295538 seconds.
  path: Assets/Art/Other/ForSelectLevelScene/Yellow Board (guide).png
  artifactKey: Guid(1c59220f96688e84f8e754e3dc47f0a7) Importer(815301076,1909f56bfc062723c751e8b465ee728b)
Start importing Assets/Art/Other/ForSelectLevelScene/Yellow Board (guide).png using Guid(1c59220f96688e84f8e754e3dc47f0a7) Importer(815301076,1909f56bfc062723c751e8b465ee728b) (PreviewImporter) -> (artifact id: '60d10cc51a299ed503b76ef2ec378600') in 0.3164068 seconds
Number of updated asset objects reloaded before import = 0Number of asset objects unloaded after import = 18

========================================================================
Received Import Request.
  Time since last request: 7.246071 seconds.
  path: Assets/Art/Other/ForSelectLevelScene/Yellow Board (guide).png
  artifactKey: Guid(1c59220f96688e84f8e754e3dc47f0a7) Importer(815301076,1909f56bfc062723c751e8b465ee728b)
Start importing Assets/Art/Other/ForSelectLevelScene/Yellow Board (guide).png using Guid(1c59220f96688e84f8e754e3dc47f0a7) Importer(815301076,1909f56bfc062723c751e8b465ee728b) (PreviewImporter) -> (artifact id: '23e5001cea0b6e6934456e05fd7b5e82') in 0.2696762 seconds
Number of updated asset objects reloaded before import = 0Number of asset objects unloaded after import = 18

========================================================================
Received Import Request.
  Time since last request: 4.358532 seconds.
  path: Assets/Art/Other/ForSelectLevelScene/Yellow Board (guide).png
  artifactKey: Guid(1c59220f96688e84f8e754e3dc47f0a7) Importer(815301076,1909f56bfc062723c751e8b465ee728b)
Start importing Assets/Art/Other/ForSelectLevelScene/Yellow Board (guide).png using Guid(1c59220f96688e84f8e754e3dc47f0a7) Importer(815301076,1909f56bfc062723c751e8b465ee728b) (PreviewImporter) -> (artifact id: 'f18897a5580b05b56419f25049a17e64') in 0.3178692 seconds
Number of updated asset objects reloaded before import = 0Number of asset objects unloaded after import = 18

========================================================================
Received Import Request.
  Time since last request: 3.182581 seconds.
  path: Assets/Art/Other/ForSelectLevelScene/Yellow Board (guide).png
  artifactKey: Guid(1c59220f96688e84f8e754e3dc47f0a7) Importer(815301076,1909f56bfc062723c751e8b465ee728b)
Start importing Assets/Art/Other/ForSelectLevelScene/Yellow Board (guide).png using Guid(1c59220f96688e84f8e754e3dc47f0a7) Importer(815301076,1909f56bfc062723c751e8b465ee728b) (PreviewImporter) -> (artifact id: 'd3641a1c842f4ab9a0376531dfbf50e8') in 0.3024539 seconds
Number of updated asset objects reloaded before import = 0Number of asset objects unloaded after import = 18

========================================================================
Received Import Request.
  Time since last request: 6.691694 seconds.
  path: Assets/Art/Other/ForSelectLevelScene/Yellow Board (guide).png
  artifactKey: Guid(1c59220f96688e84f8e754e3dc47f0a7) Importer(815301076,1909f56bfc062723c751e8b465ee728b)
Start importing Assets/Art/Other/ForSelectLevelScene/Yellow Board (guide).png using Guid(1c59220f96688e84f8e754e3dc47f0a7) Importer(815301076,1909f56bfc062723c751e8b465ee728b) (PreviewImporter) -> (artifact id: '2e636d15c8a02ee3c37fa621f617917b') in 0.2350734 seconds
Number of updated asset objects reloaded before import = 0Number of asset objects unloaded after import = 18

========================================================================
Received Import Request.
  Time since last request: 15.134173 seconds.
  path: Assets/Art/Other/ForSelectLevelScene/TilePalette13.prefab
  artifactKey: Guid(5b7f5e1bebb842e43b113d69ec4cf769) Importer(815301076,1909f56bfc062723c751e8b465ee728b)
Start importing Assets/Art/Other/ForSelectLevelScene/TilePalette13.prefab using Guid(5b7f5e1bebb842e43b113d69ec4cf769) Importer(815301076,1909f56bfc062723c751e8b465ee728b) (PreviewImporter) -> (artifact id: '377d1272b3735ebfc4e90e2a2bf1424c') in 0.07519 seconds
Number of updated asset objects reloaded before import = 0Number of asset objects unloaded after import = 43

========================================================================
Received Import Request.
  Time since last request: 0.000056 seconds.
  path: Assets/Art/Other/ForSelectLevelScene/Yellow Board (guide)_9.asset
  artifactKey: Guid(e52878817c104754a8f4cebc319070ad) Importer(815301076,1909f56bfc062723c751e8b465ee728b)
Start importing Assets/Art/Other/ForSelectLevelScene/Yellow Board (guide)_9.asset using Guid(e52878817c104754a8f4cebc319070ad) Importer(815301076,1909f56bfc062723c751e8b465ee728b) (PreviewImporter) -> (artifact id: '75ff46772d695f8675921f59f33e23ff') in 0.0139146 seconds
Number of updated asset objects reloaded before import = 0Number of asset objects unloaded after import = 3

========================================================================
Received Import Request.
  Time since last request: 0.000060 seconds.
  path: Assets/Art/Other/ForSelectLevelScene/Yellow Board (guide)_7.asset
  artifactKey: Guid(887c001ddcc0d984f92f891649d87c30) Importer(815301076,1909f56bfc062723c751e8b465ee728b)
Start importing Assets/Art/Other/ForSelectLevelScene/Yellow Board (guide)_7.asset using Guid(887c001ddcc0d984f92f891649d87c30) Importer(815301076,1909f56bfc062723c751e8b465ee728b) (PreviewImporter) -> (artifact id: 'e0af6983572ba49b9bbadb1be84f6f98') in 0.0136672 seconds
Number of updated asset objects reloaded before import = 0Number of asset objects unloaded after import = 3

========================================================================
Received Import Request.
  Time since last request: 0.000036 seconds.
  path: Assets/Art/Other/ForSelectLevelScene/Yellow Board (guide)_2.asset
  artifactKey: Guid(68d4049c340357e498abae965cf83f0f) Importer(815301076,1909f56bfc062723c751e8b465ee728b)
Start importing Assets/Art/Other/ForSelectLevelScene/Yellow Board (guide)_2.asset using Guid(68d4049c340357e498abae965cf83f0f) Importer(815301076,1909f56bfc062723c751e8b465ee728b) (PreviewImporter) -> (artifact id: '6076edeb9cc6e611bc107e97fe5168e4') in 0.0206822 seconds
Number of updated asset objects reloaded before import = 0Number of asset objects unloaded after import = 3

========================================================================
Received Import Request.
  Time since last request: 0.000061 seconds.
  path: Assets/Art/Other/ForSelectLevelScene/Yellow Board (guide)_1.asset
  artifactKey: Guid(916054534fc566c429d248c4f62b62a4) Importer(815301076,1909f56bfc062723c751e8b465ee728b)
Start importing Assets/Art/Other/ForSelectLevelScene/Yellow Board (guide)_1.asset using Guid(916054534fc566c429d248c4f62b62a4) Importer(815301076,1909f56bfc062723c751e8b465ee728b) (PreviewImporter) -> (artifact id: 'eecdeb61935937f188c5f732d99a261c') in 0.0160439 seconds
Number of updated asset objects reloaded before import = 0Number of asset objects unloaded after import = 3

========================================================================
Received Import Request.
  Time since last request: 0.000083 seconds.
  path: Assets/Art/Other/ForSelectLevelScene/Yellow Board (guide)_3.asset
  artifactKey: Guid(2d8140dfc1a10974ea1ca84d475e7b62) Importer(815301076,1909f56bfc062723c751e8b465ee728b)
Start importing Assets/Art/Other/ForSelectLevelScene/Yellow Board (guide)_3.asset using Guid(2d8140dfc1a10974ea1ca84d475e7b62) Importer(815301076,1909f56bfc062723c751e8b465ee728b) (PreviewImporter) -> (artifact id: '2a7b9ac4bc2267bef6d78eea14ca2ce0') in 0.0189279 seconds
Number of updated asset objects reloaded before import = 0Number of asset objects unloaded after import = 3

========================================================================
Received Import Request.
  Time since last request: 0.000043 seconds.
  path: Assets/Art/Other/ForSelectLevelScene/Yellow Board (guide)_10.asset
  artifactKey: Guid(9d7067af3669f524b9abe1bcf58113c3) Importer(815301076,1909f56bfc062723c751e8b465ee728b)
Start importing Assets/Art/Other/ForSelectLevelScene/Yellow Board (guide)_10.asset using Guid(9d7067af3669f524b9abe1bcf58113c3) Importer(815301076,1909f56bfc062723c751e8b465ee728b) (PreviewImporter) -> (artifact id: '6152343ac9ba2bc90906b6d86bfdb10e') in 0.016128 seconds
Number of updated asset objects reloaded before import = 0Number of asset objects unloaded after import = 3

========================================================================
Received Import Request.
  Time since last request: 0.000069 seconds.
  path: Assets/Art/Other/ForSelectLevelScene/Yellow Board (guide)_5.asset
  artifactKey: Guid(6653291e9211ef443969ad112572fbf7) Importer(815301076,1909f56bfc062723c751e8b465ee728b)
Start importing Assets/Art/Other/ForSelectLevelScene/Yellow Board (guide)_5.asset using Guid(6653291e9211ef443969ad112572fbf7) Importer(815301076,1909f56bfc062723c751e8b465ee728b) (PreviewImporter) -> (artifact id: '7b499fabd9771c91b65688b335f655dc') in 0.0170611 seconds
Number of updated asset objects reloaded before import = 0Number of asset objects unloaded after import = 3

========================================================================
Received Import Request.
  Time since last request: 0.000062 seconds.
  path: Assets/Art/Other/ForSelectLevelScene/Yellow Board (guide)_11.asset
  artifactKey: Guid(a3c0dbb54f7301448bf821328fefd422) Importer(815301076,1909f56bfc062723c751e8b465ee728b)
Start importing Assets/Art/Other/ForSelectLevelScene/Yellow Board (guide)_11.asset using Guid(a3c0dbb54f7301448bf821328fefd422) Importer(815301076,1909f56bfc062723c751e8b465ee728b) (PreviewImporter) -> (artifact id: 'a4ca4c230cd941f92b4756d974eb1041') in 0.012564 seconds
Number of updated asset objects reloaded before import = 0Number of asset objects unloaded after import = 3

========================================================================
Received Import Request.
  Time since last request: 157.411280 seconds.
  path: Assets/Art/Other/ForSelectLevelScene/TilePalette14.prefab
  artifactKey: Guid(842d98d5e72bc2e45b7b7a949e2ac696) Importer(815301076,1909f56bfc062723c751e8b465ee728b)
Start importing Assets/Art/Other/ForSelectLevelScene/TilePalette14.prefab using Guid(842d98d5e72bc2e45b7b7a949e2ac696) Importer(815301076,1909f56bfc062723c751e8b465ee728b) (PreviewImporter) -> (artifact id: '7114e9086c45450e6f80da8da5235e13') in 0.0372772 seconds
Number of updated asset objects reloaded before import = 0Number of asset objects unloaded after import = 10

========================================================================
Received Import Request.
  Time since last request: 104.724406 seconds.
  path: Assets/Art/Other/ForSelectLevelScene/TilePalette14.prefab
  artifactKey: Guid(842d98d5e72bc2e45b7b7a949e2ac696) Importer(815301076,1909f56bfc062723c751e8b465ee728b)
Start importing Assets/Art/Other/ForSelectLevelScene/TilePalette14.prefab using Guid(842d98d5e72bc2e45b7b7a949e2ac696) Importer(815301076,1909f56bfc062723c751e8b465ee728b) (PreviewImporter) -> (artifact id: '961f37c686112126beb1828b7a5d844c') in 0.0807741 seconds
Number of updated asset objects reloaded before import = 0Number of asset objects unloaded after import = 43

========================================================================
Received Import Request.
  Time since last request: 1.604240 seconds.
  path: Assets/Art/Other/ForSelectLevelScene/Yellow Paper (guide)_2.asset
  artifactKey: Guid(5c211b887b3f1fa42b483c8ace09a368) Importer(815301076,1909f56bfc062723c751e8b465ee728b)
Start importing Assets/Art/Other/ForSelectLevelScene/Yellow Paper (guide)_2.asset using Guid(5c211b887b3f1fa42b483c8ace09a368) Importer(815301076,1909f56bfc062723c751e8b465ee728b) (PreviewImporter) -> (artifact id: 'f120672b8d8ebba80b7471662798b2f3') in 0.0656598 seconds
Number of updated asset objects reloaded before import = 0Number of asset objects unloaded after import = 3

========================================================================
Received Import Request.
  Time since last request: 0.000038 seconds.
  path: Assets/Art/Other/ForSelectLevelScene/Yellow Paper (guide)_7.asset
  artifactKey: Guid(05999d8e5d5d05646815cc2bd44429d0) Importer(815301076,1909f56bfc062723c751e8b465ee728b)
Start importing Assets/Art/Other/ForSelectLevelScene/Yellow Paper (guide)_7.asset using Guid(05999d8e5d5d05646815cc2bd44429d0) Importer(815301076,1909f56bfc062723c751e8b465ee728b) (PreviewImporter) -> (artifact id: '7044ecf83dab42c81f9cb1bf278d5e94') in 0.0559769 seconds
Number of updated asset objects reloaded before import = 0Number of asset objects unloaded after import = 3

========================================================================
Received Import Request.
  Time since last request: 0.000057 seconds.
  path: Assets/Art/Other/ForSelectLevelScene/Yellow Paper (guide)_8.asset
  artifactKey: Guid(ab7d0ade9944d4d4bb8a66767afe66d2) Importer(815301076,1909f56bfc062723c751e8b465ee728b)
Start importing Assets/Art/Other/ForSelectLevelScene/Yellow Paper (guide)_8.asset using Guid(ab7d0ade9944d4d4bb8a66767afe66d2) Importer(815301076,1909f56bfc062723c751e8b465ee728b) (PreviewImporter) -> (artifact id: 'db88389c993e2fc21c202f40e4e8a883') in 0.0278501 seconds
Number of updated asset objects reloaded before import = 0Number of asset objects unloaded after import = 3

========================================================================
Received Import Request.
  Time since last request: 0.000036 seconds.
  path: Assets/Art/Other/ForSelectLevelScene/Yellow Paper (guide)_15.asset
  artifactKey: Guid(0990b5323e665344087c69178f3a3703) Importer(815301076,1909f56bfc062723c751e8b465ee728b)
Start importing Assets/Art/Other/ForSelectLevelScene/Yellow Paper (guide)_15.asset using Guid(0990b5323e665344087c69178f3a3703) Importer(815301076,1909f56bfc062723c751e8b465ee728b) (PreviewImporter) -> (artifact id: '82652575f3f589da59a0b2a38be7cedd') in 0.0344523 seconds
Number of updated asset objects reloaded before import = 0Number of asset objects unloaded after import = 3

========================================================================
Received Import Request.
  Time since last request: 0.000044 seconds.
  path: Assets/Art/Other/ForSelectLevelScene/Yellow Paper (guide)_13.asset
  artifactKey: Guid(b83eb3e4b8741ae4c8cf1ee0aca86121) Importer(815301076,1909f56bfc062723c751e8b465ee728b)
Start importing Assets/Art/Other/ForSelectLevelScene/Yellow Paper (guide)_13.asset using Guid(b83eb3e4b8741ae4c8cf1ee0aca86121) Importer(815301076,1909f56bfc062723c751e8b465ee728b) (PreviewImporter) -> (artifact id: '6539146b12514b27111773e4502d01bc') in 0.0273686 seconds
Number of updated asset objects reloaded before import = 0Number of asset objects unloaded after import = 3

========================================================================
Received Import Request.
  Time since last request: 0.000059 seconds.
  path: Assets/Art/Other/ForSelectLevelScene/Yellow Paper (guide)_12.asset
  artifactKey: Guid(0a7be045a448754499eb28da76ad2b80) Importer(815301076,1909f56bfc062723c751e8b465ee728b)
Start importing Assets/Art/Other/ForSelectLevelScene/Yellow Paper (guide)_12.asset using Guid(0a7be045a448754499eb28da76ad2b80) Importer(815301076,1909f56bfc062723c751e8b465ee728b) (PreviewImporter) -> (artifact id: '79bf17cc2ff679fcac4d701c741924d8') in 0.0445064 seconds
Number of updated asset objects reloaded before import = 0Number of asset objects unloaded after import = 3

========================================================================
Received Import Request.
  Time since last request: 0.000044 seconds.
  path: Assets/Art/Other/ForSelectLevelScene/Yellow Paper (guide)_4.asset
  artifactKey: Guid(1f44d1ff5c59b984f831f28918e0a090) Importer(815301076,1909f56bfc062723c751e8b465ee728b)
Start importing Assets/Art/Other/ForSelectLevelScene/Yellow Paper (guide)_4.asset using Guid(1f44d1ff5c59b984f831f28918e0a090) Importer(815301076,1909f56bfc062723c751e8b465ee728b) (PreviewImporter) -> (artifact id: 'f80c304dfdb2e54be645a550586b5c6c') in 0.0481592 seconds
Number of updated asset objects reloaded before import = 0Number of asset objects unloaded after import = 3

========================================================================
Received Import Request.
  Time since last request: 28.017141 seconds.
  path: Assets/Art/Other/ForSelectLevelScene/Yellow Paper (guide).png
  artifactKey: Guid(a2713da3f47aca14f9dd4415466e02d9) Importer(815301076,1909f56bfc062723c751e8b465ee728b)
Start importing Assets/Art/Other/ForSelectLevelScene/Yellow Paper (guide).png using Guid(a2713da3f47aca14f9dd4415466e02d9) Importer(815301076,1909f56bfc062723c751e8b465ee728b) (PreviewImporter) -> (artifact id: '0380ccb84ab99158bb729f3dca14a35c') in 0.2240905 seconds
Number of updated asset objects reloaded before import = 0Number of asset objects unloaded after import = 18

========================================================================
Received Import Request.
  Time since last request: 0.657916 seconds.
  path: Assets/Art/Other/ForSelectLevelScene/Yellow Paper (guide)_0.asset
  artifactKey: Guid(ca2ca03aad9935a498fa02f3cc552b91) Importer(815301076,1909f56bfc062723c751e8b465ee728b)
Start importing Assets/Art/Other/ForSelectLevelScene/Yellow Paper (guide)_0.asset using Guid(ca2ca03aad9935a498fa02f3cc552b91) Importer(815301076,1909f56bfc062723c751e8b465ee728b) (PreviewImporter) -> (artifact id: '7e01cf862105b962fb20b76286ecdf29') in 0.0180089 seconds
Number of updated asset objects reloaded before import = 0Number of asset objects unloaded after import = 3

========================================================================
Received Import Request.
  Time since last request: 0.000066 seconds.
  path: Assets/Art/Other/ForSelectLevelScene/Yellow Paper (guide)_5.asset
  artifactKey: Guid(6550af352a0eebf45a31ef409906f2bf) Importer(815301076,1909f56bfc062723c751e8b465ee728b)
Start importing Assets/Art/Other/ForSelectLevelScene/Yellow Paper (guide)_5.asset using Guid(6550af352a0eebf45a31ef409906f2bf) Importer(815301076,1909f56bfc062723c751e8b465ee728b) (PreviewImporter) -> (artifact id: '355c66155617b87f6f6cbb14303b7a5e') in 0.0172503 seconds
Number of updated asset objects reloaded before import = 0Number of asset objects unloaded after import = 3

========================================================================
Received Import Request.
  Time since last request: 0.000057 seconds.
  path: Assets/Art/Other/ForSelectLevelScene/Yellow Paper (guide)_14.asset
  artifactKey: Guid(03770aaf0c164fe40a17ec5b996491e1) Importer(815301076,1909f56bfc062723c751e8b465ee728b)
Start importing Assets/Art/Other/ForSelectLevelScene/Yellow Paper (guide)_14.asset using Guid(03770aaf0c164fe40a17ec5b996491e1) Importer(815301076,1909f56bfc062723c751e8b465ee728b) (PreviewImporter) -> (artifact id: 'a3f15dc27a536364545dfe4e323f6fdc') in 0.0166916 seconds
Number of updated asset objects reloaded before import = 0Number of asset objects unloaded after import = 3

========================================================================
Received Import Request.
  Time since last request: 0.000041 seconds.
  path: Assets/Art/Other/ForSelectLevelScene/Yellow Paper (guide)_7.asset
  artifactKey: Guid(05999d8e5d5d05646815cc2bd44429d0) Importer(815301076,1909f56bfc062723c751e8b465ee728b)
Start importing Assets/Art/Other/ForSelectLevelScene/Yellow Paper (guide)_7.asset using Guid(05999d8e5d5d05646815cc2bd44429d0) Importer(815301076,1909f56bfc062723c751e8b465ee728b) (PreviewImporter) -> (artifact id: '4241b65ad9e35221507f50d4ea9b6582') in 0.0149238 seconds
Number of updated asset objects reloaded before import = 0Number of asset objects unloaded after import = 3

========================================================================
Received Import Request.
  Time since last request: 0.000047 seconds.
  path: Assets/Art/Other/ForSelectLevelScene/Yellow Paper (guide)_10.asset
  artifactKey: Guid(7b3ee948b467b8c43b27607dec5c5789) Importer(815301076,1909f56bfc062723c751e8b465ee728b)
Start importing Assets/Art/Other/ForSelectLevelScene/Yellow Paper (guide)_10.asset using Guid(7b3ee948b467b8c43b27607dec5c5789) Importer(815301076,1909f56bfc062723c751e8b465ee728b) (PreviewImporter) -> (artifact id: '924a1eec7df9cea8c2e3cee15bbe564f') in 0.0199453 seconds
Number of updated asset objects reloaded before import = 0Number of asset objects unloaded after import = 3

========================================================================
Received Import Request.
  Time since last request: 0.000056 seconds.
  path: Assets/Art/Other/ForSelectLevelScene/Yellow Paper (guide)_13.asset
  artifactKey: Guid(b83eb3e4b8741ae4c8cf1ee0aca86121) Importer(815301076,1909f56bfc062723c751e8b465ee728b)
Start importing Assets/Art/Other/ForSelectLevelScene/Yellow Paper (guide)_13.asset using Guid(b83eb3e4b8741ae4c8cf1ee0aca86121) Importer(815301076,1909f56bfc062723c751e8b465ee728b) (PreviewImporter) -> (artifact id: 'b3e3091eeb23a41b3b0691c4fbb55c0a') in 0.010957 seconds
Number of updated asset objects reloaded before import = 0Number of asset objects unloaded after import = 3

========================================================================
Received Import Request.
  Time since last request: 0.000042 seconds.
  path: Assets/Art/Other/ForSelectLevelScene/Yellow Paper (guide)_12.asset
  artifactKey: Guid(0a7be045a448754499eb28da76ad2b80) Importer(815301076,1909f56bfc062723c751e8b465ee728b)
Start importing Assets/Art/Other/ForSelectLevelScene/Yellow Paper (guide)_12.asset using Guid(0a7be045a448754499eb28da76ad2b80) Importer(815301076,1909f56bfc062723c751e8b465ee728b) (PreviewImporter) -> (artifact id: 'da598a72cdde108d904c7edb8e012e1e') in 0.0122184 seconds
Number of updated asset objects reloaded before import = 0Number of asset objects unloaded after import = 3

========================================================================
Received Import Request.
  Time since last request: 0.000047 seconds.
  path: Assets/Art/Other/ForSelectLevelScene/Yellow Paper (guide)_4.asset
  artifactKey: Guid(1f44d1ff5c59b984f831f28918e0a090) Importer(815301076,1909f56bfc062723c751e8b465ee728b)
Start importing Assets/Art/Other/ForSelectLevelScene/Yellow Paper (guide)_4.asset using Guid(1f44d1ff5c59b984f831f28918e0a090) Importer(815301076,1909f56bfc062723c751e8b465ee728b) (PreviewImporter) -> (artifact id: '636b7e27012749a1d9266db4dcf11b13') in 0.0120311 seconds
Number of updated asset objects reloaded before import = 0Number of asset objects unloaded after import = 3

========================================================================
Received Import Request.
  Time since last request: 18.746322 seconds.
  path: Assets/Art/Other/ForSelectLevelScene/Yellow Paper (guide).png
  artifactKey: Guid(a2713da3f47aca14f9dd4415466e02d9) Importer(815301076,1909f56bfc062723c751e8b465ee728b)
Start importing Assets/Art/Other/ForSelectLevelScene/Yellow Paper (guide).png using Guid(a2713da3f47aca14f9dd4415466e02d9) Importer(815301076,1909f56bfc062723c751e8b465ee728b) (PreviewImporter) -> (artifact id: '24a2860ee5073a925d41f5952307ac6e') in 0.3088536 seconds
Number of updated asset objects reloaded before import = 0Number of asset objects unloaded after import = 18

========================================================================
Received Import Request.
  Time since last request: 0.420478 seconds.
  path: Assets/Art/Other/ForSelectLevelScene/Yellow Paper (guide)_0.asset
  artifactKey: Guid(ca2ca03aad9935a498fa02f3cc552b91) Importer(815301076,1909f56bfc062723c751e8b465ee728b)
Start importing Assets/Art/Other/ForSelectLevelScene/Yellow Paper (guide)_0.asset using Guid(ca2ca03aad9935a498fa02f3cc552b91) Importer(815301076,1909f56bfc062723c751e8b465ee728b) (PreviewImporter) -> (artifact id: '47e198c22a6861471a9e3cc1c9a7b063') in 0.0163909 seconds
Number of updated asset objects reloaded before import = 0Number of asset objects unloaded after import = 3

========================================================================
Received Import Request.
  Time since last request: 0.000042 seconds.
  path: Assets/Art/Other/ForSelectLevelScene/Yellow Paper (guide)_3.asset
  artifactKey: Guid(aec6fe19173c8814f8ae6219994deb32) Importer(815301076,1909f56bfc062723c751e8b465ee728b)
Start importing Assets/Art/Other/ForSelectLevelScene/Yellow Paper (guide)_3.asset using Guid(aec6fe19173c8814f8ae6219994deb32) Importer(815301076,1909f56bfc062723c751e8b465ee728b) (PreviewImporter) -> (artifact id: 'e66415365eb432cc9d0364db0f9146b4') in 0.0339498 seconds
Number of updated asset objects reloaded before import = 0Number of asset objects unloaded after import = 3

========================================================================
Received Import Request.
  Time since last request: 0.000056 seconds.
  path: Assets/Art/Other/ForSelectLevelScene/Yellow Paper (guide)_15.asset
  artifactKey: Guid(0990b5323e665344087c69178f3a3703) Importer(815301076,1909f56bfc062723c751e8b465ee728b)
Start importing Assets/Art/Other/ForSelectLevelScene/Yellow Paper (guide)_15.asset using Guid(0990b5323e665344087c69178f3a3703) Importer(815301076,1909f56bfc062723c751e8b465ee728b) (PreviewImporter) -> (artifact id: '2d636d8dbe964befac83f27022ebf63d') in 0.0138495 seconds
Number of updated asset objects reloaded before import = 0Number of asset objects unloaded after import = 3

========================================================================
Received Import Request.
  Time since last request: 0.000072 seconds.
  path: Assets/Art/Other/ForSelectLevelScene/Yellow Paper (guide)_7.asset
  artifactKey: Guid(05999d8e5d5d05646815cc2bd44429d0) Importer(815301076,1909f56bfc062723c751e8b465ee728b)
Start importing Assets/Art/Other/ForSelectLevelScene/Yellow Paper (guide)_7.asset using Guid(05999d8e5d5d05646815cc2bd44429d0) Importer(815301076,1909f56bfc062723c751e8b465ee728b) (PreviewImporter) -> (artifact id: 'e8c5c9543b8f56e81f4ed2dbbcf897e8') in 0.0155298 seconds
Number of updated asset objects reloaded before import = 0Number of asset objects unloaded after import = 3

========================================================================
Received Import Request.
  Time since last request: 0.000047 seconds.
  path: Assets/Art/Other/ForSelectLevelScene/Yellow Paper (guide)_10.asset
  artifactKey: Guid(7b3ee948b467b8c43b27607dec5c5789) Importer(815301076,1909f56bfc062723c751e8b465ee728b)
Start importing Assets/Art/Other/ForSelectLevelScene/Yellow Paper (guide)_10.asset using Guid(7b3ee948b467b8c43b27607dec5c5789) Importer(815301076,1909f56bfc062723c751e8b465ee728b) (PreviewImporter) -> (artifact id: '79e7b04ad84713102e937f7fe208b9a5') in 0.015164 seconds
Number of updated asset objects reloaded before import = 0Number of asset objects unloaded after import = 3

========================================================================
Received Import Request.
  Time since last request: 0.000044 seconds.
  path: Assets/Art/Other/ForSelectLevelScene/Yellow Paper (guide)_2.asset
  artifactKey: Guid(5c211b887b3f1fa42b483c8ace09a368) Importer(815301076,1909f56bfc062723c751e8b465ee728b)
Start importing Assets/Art/Other/ForSelectLevelScene/Yellow Paper (guide)_2.asset using Guid(5c211b887b3f1fa42b483c8ace09a368) Importer(815301076,1909f56bfc062723c751e8b465ee728b) (PreviewImporter) -> (artifact id: 'c6dc9850167c2c7de08ca924b07bdbfe') in 0.0136883 seconds
Number of updated asset objects reloaded before import = 0Number of asset objects unloaded after import = 3

========================================================================
Received Import Request.
  Time since last request: 0.000055 seconds.
  path: Assets/Art/Other/ForSelectLevelScene/Yellow Paper (guide)_12.asset
  artifactKey: Guid(0a7be045a448754499eb28da76ad2b80) Importer(815301076,1909f56bfc062723c751e8b465ee728b)
Start importing Assets/Art/Other/ForSelectLevelScene/Yellow Paper (guide)_12.asset using Guid(0a7be045a448754499eb28da76ad2b80) Importer(815301076,1909f56bfc062723c751e8b465ee728b) (PreviewImporter) -> (artifact id: '7b9f608051088dd5a9de5022cfbc0e7e') in 0.0200078 seconds
Number of updated asset objects reloaded before import = 0Number of asset objects unloaded after import = 3

========================================================================
Received Import Request.
  Time since last request: 0.000052 seconds.
  path: Assets/Art/Other/ForSelectLevelScene/Yellow Paper (guide)_4.asset
  artifactKey: Guid(1f44d1ff5c59b984f831f28918e0a090) Importer(815301076,1909f56bfc062723c751e8b465ee728b)
Start importing Assets/Art/Other/ForSelectLevelScene/Yellow Paper (guide)_4.asset using Guid(1f44d1ff5c59b984f831f28918e0a090) Importer(815301076,1909f56bfc062723c751e8b465ee728b) (PreviewImporter) -> (artifact id: '622aeef5454a9dcb83789a12d6c71623') in 0.0154983 seconds
Number of updated asset objects reloaded before import = 0Number of asset objects unloaded after import = 3

========================================================================
Received Import Request.
  Time since last request: 18.330012 seconds.
  path: Assets/Art/Other/ForSelectLevelScene/Yellow Paper (guide).png
  artifactKey: Guid(a2713da3f47aca14f9dd4415466e02d9) Importer(815301076,1909f56bfc062723c751e8b465ee728b)
Start importing Assets/Art/Other/ForSelectLevelScene/Yellow Paper (guide).png using Guid(a2713da3f47aca14f9dd4415466e02d9) Importer(815301076,1909f56bfc062723c751e8b465ee728b) (PreviewImporter) -> (artifact id: 'ff7c9bd8137a907473b68d05b77d025f') in 0.2719394 seconds
Number of updated asset objects reloaded before import = 0Number of asset objects unloaded after import = 18

========================================================================
Received Import Request.
  Time since last request: 0.743031 seconds.
  path: Assets/Art/Other/ForSelectLevelScene/Yellow Paper (guide)_0.asset
  artifactKey: Guid(ca2ca03aad9935a498fa02f3cc552b91) Importer(815301076,1909f56bfc062723c751e8b465ee728b)
Start importing Assets/Art/Other/ForSelectLevelScene/Yellow Paper (guide)_0.asset using Guid(ca2ca03aad9935a498fa02f3cc552b91) Importer(815301076,1909f56bfc062723c751e8b465ee728b) (PreviewImporter) -> (artifact id: 'b958badd913969f4a4ac0680730ea914') in 0.0149706 seconds
Number of updated asset objects reloaded before import = 0Number of asset objects unloaded after import = 3

========================================================================
Received Import Request.
  Time since last request: 0.000054 seconds.
  path: Assets/Art/Other/ForSelectLevelScene/Yellow Paper (guide)_5.asset
  artifactKey: Guid(6550af352a0eebf45a31ef409906f2bf) Importer(815301076,1909f56bfc062723c751e8b465ee728b)
Start importing Assets/Art/Other/ForSelectLevelScene/Yellow Paper (guide)_5.asset using Guid(6550af352a0eebf45a31ef409906f2bf) Importer(815301076,1909f56bfc062723c751e8b465ee728b) (PreviewImporter) -> (artifact id: '6d3ad002c0c89ab636e4c0f8e6a5b83b') in 0.0165361 seconds
Number of updated asset objects reloaded before import = 0Number of asset objects unloaded after import = 3

========================================================================
Received Import Request.
  Time since last request: 0.000058 seconds.
  path: Assets/Art/Other/ForSelectLevelScene/Yellow Paper (guide)_15.asset
  artifactKey: Guid(0990b5323e665344087c69178f3a3703) Importer(815301076,1909f56bfc062723c751e8b465ee728b)
Start importing Assets/Art/Other/ForSelectLevelScene/Yellow Paper (guide)_15.asset using Guid(0990b5323e665344087c69178f3a3703) Importer(815301076,1909f56bfc062723c751e8b465ee728b) (PreviewImporter) -> (artifact id: '2a807ef1efcae241bbd06afd8b4245d4') in 0.0134979 seconds
Number of updated asset objects reloaded before import = 0Number of asset objects unloaded after import = 3

========================================================================
Received Import Request.
  Time since last request: 0.000041 seconds.
  path: Assets/Art/Other/ForSelectLevelScene/Yellow Paper (guide)_7.asset
  artifactKey: Guid(05999d8e5d5d05646815cc2bd44429d0) Importer(815301076,1909f56bfc062723c751e8b465ee728b)
Start importing Assets/Art/Other/ForSelectLevelScene/Yellow Paper (guide)_7.asset using Guid(05999d8e5d5d05646815cc2bd44429d0) Importer(815301076,1909f56bfc062723c751e8b465ee728b) (PreviewImporter) -> (artifact id: 'c2c2b93db126ee90c41aa1cbe20b4bf0') in 0.0129426 seconds
Number of updated asset objects reloaded before import = 0Number of asset objects unloaded after import = 3

========================================================================
Received Import Request.
  Time since last request: 0.000069 seconds.
  path: Assets/Art/Other/ForSelectLevelScene/Yellow Paper (guide)_10.asset
  artifactKey: Guid(7b3ee948b467b8c43b27607dec5c5789) Importer(815301076,1909f56bfc062723c751e8b465ee728b)
Start importing Assets/Art/Other/ForSelectLevelScene/Yellow Paper (guide)_10.asset using Guid(7b3ee948b467b8c43b27607dec5c5789) Importer(815301076,1909f56bfc062723c751e8b465ee728b) (PreviewImporter) -> (artifact id: 'a8109da19e013cd258a2c7c56846a95d') in 0.0175724 seconds
Number of updated asset objects reloaded before import = 0Number of asset objects unloaded after import = 3

========================================================================
Received Import Request.
  Time since last request: 0.000067 seconds.
  path: Assets/Art/Other/ForSelectLevelScene/Yellow Paper (guide)_13.asset
  artifactKey: Guid(b83eb3e4b8741ae4c8cf1ee0aca86121) Importer(815301076,1909f56bfc062723c751e8b465ee728b)
Start importing Assets/Art/Other/ForSelectLevelScene/Yellow Paper (guide)_13.asset using Guid(b83eb3e4b8741ae4c8cf1ee0aca86121) Importer(815301076,1909f56bfc062723c751e8b465ee728b) (PreviewImporter) -> (artifact id: '0deb4ea8490e54247df464ee1fa2799f') in 0.0166727 seconds
Number of updated asset objects reloaded before import = 0Number of asset objects unloaded after import = 3

========================================================================
Received Import Request.
  Time since last request: 0.000041 seconds.
  path: Assets/Art/Other/ForSelectLevelScene/Yellow Paper (guide)_12.asset
  artifactKey: Guid(0a7be045a448754499eb28da76ad2b80) Importer(815301076,1909f56bfc062723c751e8b465ee728b)
Start importing Assets/Art/Other/ForSelectLevelScene/Yellow Paper (guide)_12.asset using Guid(0a7be045a448754499eb28da76ad2b80) Importer(815301076,1909f56bfc062723c751e8b465ee728b) (PreviewImporter) -> (artifact id: 'd3f132112f5e99095a600a0a2fe72615') in 0.0124781 seconds
Number of updated asset objects reloaded before import = 0Number of asset objects unloaded after import = 3

========================================================================
Received Import Request.
  Time since last request: 0.000044 seconds.
  path: Assets/Art/Other/ForSelectLevelScene/Yellow Paper (guide)_4.asset
  artifactKey: Guid(1f44d1ff5c59b984f831f28918e0a090) Importer(815301076,1909f56bfc062723c751e8b465ee728b)
Start importing Assets/Art/Other/ForSelectLevelScene/Yellow Paper (guide)_4.asset using Guid(1f44d1ff5c59b984f831f28918e0a090) Importer(815301076,1909f56bfc062723c751e8b465ee728b) (PreviewImporter) -> (artifact id: 'aa36529b28961f568180b731fef4832b') in 0.0142767 seconds
Number of updated asset objects reloaded before import = 0Number of asset objects unloaded after import = 3

========================================================================
Received Prepare
'Packages/com.unity.cinemachine/Editor/Obsolete/CinemachineVirtualCameraBaseEditor.cs' contains partial class of Unity.Object, exactly 1 of the partial classes needs to be in a file with the same filename. This is to know the one that can be referenced from ie. GameObjects
'Packages/com.unity.cinemachine/Editor/Editors/CinemachineVirtualCameraBaseEditor.cs' contains partial class of Unity.Object, exactly 1 of the partial classes needs to be in a file with the same filename. This is to know the one that can be referenced from ie. GameObjects
Refreshing native plugins compatible for Editor in 5.36 ms, found 4 plugins.
Preloading 0 native plugins for Editor in 0.00 ms.
Unloading 37 Unused Serialized files (Serialized files now loaded: 0)
Unloading 7022 unused Assets / (8.5 MB). Loaded Objects now: 8172.
Memory consumption went from 160.8 MB to 152.3 MB.
Total: 35.123800 ms (FindLiveObjects: 1.836500 ms CreateObjectMapping: 2.389700 ms MarkObjects: 18.935000 ms  DeleteObjects: 11.959400 ms)

Prepare: number of updated asset objects reloaded= 0
========================================================================
Received Prepare
Assembly reference Packages/com.unity.cinemachine/Editor/Samples/ExposeHDRPInternals/HDRP-Editor-ref.asmref has no target assembly definition
Assembly reference Packages/com.unity.cinemachine/Editor/Samples/ExposeHDRPInternals/HDRP-Editor-ref.asmref has no target assembly definition
Begin MonoManager ReloadAssembly
- Loaded All Assemblies, in  1.875 seconds
Assembly reference Packages/com.unity.cinemachine/Editor/Samples/ExposeHDRPInternals/HDRP-Editor-ref.asmref has no target assembly definition
'Packages/com.unity.cinemachine/Editor/Obsolete/CinemachineVirtualCameraBaseEditor.cs' contains partial class of Unity.Object, exactly 1 of the partial classes needs to be in a file with the same filename. This is to know the one that can be referenced from ie. GameObjects
'Packages/com.unity.cinemachine/Editor/Editors/CinemachineVirtualCameraBaseEditor.cs' contains partial class of Unity.Object, exactly 1 of the partial classes needs to be in a file with the same filename. This is to know the one that can be referenced from ie. GameObjects
Refreshing native plugins compatible for Editor in 4.80 ms, found 4 plugins.
Native extension for WindowsStandalone target not found
Native extension for WebGL target not found
Assembly reference Packages/com.unity.cinemachine/Editor/Samples/ExposeHDRPInternals/HDRP-Editor-ref.asmref has no target assembly definition
[Package Manager] Failed to launch server process. Reason: Unity was launched with the -noUpm command-line argument
[Package Manager] Unable to send message (not connected to server process).
[Package Manager] Cannot connect to Unity Package Manager local server
Mono: successfully reloaded assembly
- Finished resetting the current domain, in  1.677 seconds
Domain Reload Profiling: 3557ms
	BeginReloadAssembly (592ms)
		ExecutionOrderSort (0ms)
		DisableScriptedObjects (67ms)
		BackupInstance (0ms)
		ReleaseScriptingObjects (0ms)
		CreateAndSetChildDomain (150ms)
	RebuildCommonClasses (83ms)
	RebuildNativeTypeToScriptingClass (28ms)
	initialDomainReloadingComplete (65ms)
	LoadAllAssembliesAndSetupDomain (1110ms)
		LoadAssemblies (931ms)
		RebuildTransferFunctionScriptingTraits (0ms)
		AnalyzeDomain (477ms)
			TypeCache.Refresh (20ms)
				TypeCache.ScanAssembly (1ms)
			BuildScriptInfoCaches (421ms)
			ResolveRequiredComponents (25ms)
	FinalizeReload (1678ms)
		ReleaseScriptCaches (0ms)
		RebuildScriptCaches (0ms)
		SetupLoadedEditorAssemblies (1205ms)
			LogAssemblyErrors (0ms)
			InitializePlatformSupportModulesInManaged (7ms)
			SetLoadedEditorAssemblies (15ms)
			BeforeProcessingInitializeOnLoad (301ms)
			ProcessInitializeOnLoadAttributes (730ms)
			ProcessInitializeOnLoadMethodAttributes (148ms)
			AfterProcessingInitializeOnLoad (4ms)
			EditorAssembliesLoaded (1ms)
		ExecutionOrderSort2 (0ms)
		AwakeInstancesAfterBackupRestoration (31ms)
Refreshing native plugins compatible for Editor in 5.26 ms, found 4 plugins.
Preloading 0 native plugins for Editor in 0.00 ms.
Unloading 37 Unused Serialized files (Serialized files now loaded: 0)
Unloading 7033 unused Assets / (8.6 MB). Loaded Objects now: 8073.
Memory consumption went from 164.1 MB to 155.5 MB.
Total: 26.066600 ms (FindLiveObjects: 1.456800 ms CreateObjectMapping: 1.593600 ms MarkObjects: 13.405200 ms  DeleteObjects: 9.608500 ms)

Prepare: number of updated asset objects reloaded= 0
========================================================================
Received Prepare
'Packages/com.unity.cinemachine/Editor/Obsolete/CinemachineVirtualCameraBaseEditor.cs' contains partial class of Unity.Object, exactly 1 of the partial classes needs to be in a file with the same filename. This is to know the one that can be referenced from ie. GameObjects
'Packages/com.unity.cinemachine/Editor/Editors/CinemachineVirtualCameraBaseEditor.cs' contains partial class of Unity.Object, exactly 1 of the partial classes needs to be in a file with the same filename. This is to know the one that can be referenced from ie. GameObjects
Refreshing native plugins compatible for Editor in 10.83 ms, found 4 plugins.
Preloading 0 native plugins for Editor in 0.00 ms.
Unloading 37 Unused Serialized files (Serialized files now loaded: 0)
Unloading 7022 unused Assets / (8.4 MB). Loaded Objects now: 8073.
Memory consumption went from 166.0 MB to 157.6 MB.
Total: 38.551400 ms (FindLiveObjects: 2.770400 ms CreateObjectMapping: 4.610900 ms MarkObjects: 14.121700 ms  DeleteObjects: 17.045200 ms)

Prepare: number of updated asset objects reloaded= 0
========================================================================
Received Prepare
Assembly reference Packages/com.unity.cinemachine/Editor/Samples/ExposeHDRPInternals/HDRP-Editor-ref.asmref has no target assembly definition
Assembly reference Packages/com.unity.cinemachine/Editor/Samples/ExposeHDRPInternals/HDRP-Editor-ref.asmref has no target assembly definition
Begin MonoManager ReloadAssembly
- Loaded All Assemblies, in  1.940 seconds
Assembly reference Packages/com.unity.cinemachine/Editor/Samples/ExposeHDRPInternals/HDRP-Editor-ref.asmref has no target assembly definition
'Packages/com.unity.cinemachine/Editor/Obsolete/CinemachineVirtualCameraBaseEditor.cs' contains partial class of Unity.Object, exactly 1 of the partial classes needs to be in a file with the same filename. This is to know the one that can be referenced from ie. GameObjects
'Packages/com.unity.cinemachine/Editor/Editors/CinemachineVirtualCameraBaseEditor.cs' contains partial class of Unity.Object, exactly 1 of the partial classes needs to be in a file with the same filename. This is to know the one that can be referenced from ie. GameObjects
Refreshing native plugins compatible for Editor in 6.19 ms, found 4 plugins.
Native extension for WindowsStandalone target not found
Native extension for WebGL target not found
Assembly reference Packages/com.unity.cinemachine/Editor/Samples/ExposeHDRPInternals/HDRP-Editor-ref.asmref has no target assembly definition
[Package Manager] Failed to launch server process. Reason: Unity was launched with the -noUpm command-line argument
[Package Manager] Unable to send message (not connected to server process).
[Package Manager] Cannot connect to Unity Package Manager local server
Mono: successfully reloaded assembly
- Finished resetting the current domain, in  1.797 seconds
Domain Reload Profiling: 3743ms
	BeginReloadAssembly (548ms)
		ExecutionOrderSort (0ms)
		DisableScriptedObjects (39ms)
		BackupInstance (0ms)
		ReleaseScriptingObjects (0ms)
		CreateAndSetChildDomain (117ms)
	RebuildCommonClasses (88ms)
	RebuildNativeTypeToScriptingClass (29ms)
	initialDomainReloadingComplete (69ms)
	LoadAllAssembliesAndSetupDomain (1210ms)
		LoadAssemblies (994ms)
		RebuildTransferFunctionScriptingTraits (0ms)
		AnalyzeDomain (534ms)
			TypeCache.Refresh (20ms)
				TypeCache.ScanAssembly (1ms)
			BuildScriptInfoCaches (472ms)
			ResolveRequiredComponents (33ms)
	FinalizeReload (1798ms)
		ReleaseScriptCaches (0ms)
		RebuildScriptCaches (0ms)
		SetupLoadedEditorAssemblies (1354ms)
			LogAssemblyErrors (0ms)
			InitializePlatformSupportModulesInManaged (5ms)
			SetLoadedEditorAssemblies (11ms)
			BeforeProcessingInitializeOnLoad (280ms)
			ProcessInitializeOnLoadAttributes (886ms)
			ProcessInitializeOnLoadMethodAttributes (168ms)
			AfterProcessingInitializeOnLoad (3ms)
			EditorAssembliesLoaded (1ms)
		ExecutionOrderSort2 (0ms)
		AwakeInstancesAfterBackupRestoration (33ms)
Refreshing native plugins compatible for Editor in 4.73 ms, found 4 plugins.
Preloading 0 native plugins for Editor in 0.00 ms.
Unloading 37 Unused Serialized files (Serialized files now loaded: 0)
Unloading 7033 unused Assets / (7.7 MB). Loaded Objects now: 8075.
Memory consumption went from 167.8 MB to 160.0 MB.
Total: 23.973400 ms (FindLiveObjects: 1.972800 ms CreateObjectMapping: 2.117200 ms MarkObjects: 10.271100 ms  DeleteObjects: 9.609700 ms)

Prepare: number of updated asset objects reloaded= 0
========================================================================
Received Prepare
Assembly reference Packages/com.unity.cinemachine/Editor/Samples/ExposeHDRPInternals/HDRP-Editor-ref.asmref has no target assembly definition
Assembly reference Packages/com.unity.cinemachine/Editor/Samples/ExposeHDRPInternals/HDRP-Editor-ref.asmref has no target assembly definition
Begin MonoManager ReloadAssembly
- Loaded All Assemblies, in  1.657 seconds
Assembly reference Packages/com.unity.cinemachine/Editor/Samples/ExposeHDRPInternals/HDRP-Editor-ref.asmref has no target assembly definition
'Packages/com.unity.cinemachine/Editor/Obsolete/CinemachineVirtualCameraBaseEditor.cs' contains partial class of Unity.Object, exactly 1 of the partial classes needs to be in a file with the same filename. This is to know the one that can be referenced from ie. GameObjects
'Packages/com.unity.cinemachine/Editor/Editors/CinemachineVirtualCameraBaseEditor.cs' contains partial class of Unity.Object, exactly 1 of the partial classes needs to be in a file with the same filename. This is to know the one that can be referenced from ie. GameObjects
Refreshing native plugins compatible for Editor in 4.79 ms, found 4 plugins.
Native extension for WindowsStandalone target not found
Native extension for WebGL target not found
Assembly reference Packages/com.unity.cinemachine/Editor/Samples/ExposeHDRPInternals/HDRP-Editor-ref.asmref has no target assembly definition
[Package Manager] Failed to launch server process. Reason: Unity was launched with the -noUpm command-line argument
[Package Manager] Unable to send message (not connected to server process).
[Package Manager] Cannot connect to Unity Package Manager local server
Mono: successfully reloaded assembly
- Finished resetting the current domain, in  2.032 seconds
Domain Reload Profiling: 3696ms
	BeginReloadAssembly (440ms)
		ExecutionOrderSort (0ms)
		DisableScriptedObjects (28ms)
		BackupInstance (0ms)
		ReleaseScriptingObjects (0ms)
		CreateAndSetChildDomain (104ms)
	RebuildCommonClasses (80ms)
	RebuildNativeTypeToScriptingClass (27ms)
	initialDomainReloadingComplete (52ms)
	LoadAllAssembliesAndSetupDomain (1063ms)
		LoadAssemblies (793ms)
		RebuildTransferFunctionScriptingTraits (0ms)
		AnalyzeDomain (508ms)
			TypeCache.Refresh (14ms)
				TypeCache.ScanAssembly (0ms)
			BuildScriptInfoCaches (452ms)
			ResolveRequiredComponents (30ms)
	FinalizeReload (2034ms)
		ReleaseScriptCaches (0ms)
		RebuildScriptCaches (0ms)
		SetupLoadedEditorAssemblies (1505ms)
			LogAssemblyErrors (0ms)
			InitializePlatformSupportModulesInManaged (7ms)
			SetLoadedEditorAssemblies (14ms)
			BeforeProcessingInitializeOnLoad (265ms)
			ProcessInitializeOnLoadAttributes (1003ms)
			ProcessInitializeOnLoadMethodAttributes (212ms)
			AfterProcessingInitializeOnLoad (4ms)
			EditorAssembliesLoaded (1ms)
		ExecutionOrderSort2 (0ms)
		AwakeInstancesAfterBackupRestoration (43ms)
Refreshing native plugins compatible for Editor in 6.48 ms, found 4 plugins.
Preloading 0 native plugins for Editor in 0.00 ms.
Unloading 37 Unused Serialized files (Serialized files now loaded: 0)
Unloading 7033 unused Assets / (7.8 MB). Loaded Objects now: 8077.
Memory consumption went from 169.7 MB to 162.0 MB.
Total: 37.417000 ms (FindLiveObjects: 2.989000 ms CreateObjectMapping: 2.907700 ms MarkObjects: 16.767700 ms  DeleteObjects: 14.748800 ms)

Prepare: number of updated asset objects reloaded= 0
========================================================================
Received Prepare
Assembly reference Packages/com.unity.cinemachine/Editor/Samples/ExposeHDRPInternals/HDRP-Editor-ref.asmref has no target assembly definition
Assembly reference Packages/com.unity.cinemachine/Editor/Samples/ExposeHDRPInternals/HDRP-Editor-ref.asmref has no target assembly definition
Begin MonoManager ReloadAssembly
- Loaded All Assemblies, in  1.861 seconds
Assembly reference Packages/com.unity.cinemachine/Editor/Samples/ExposeHDRPInternals/HDRP-Editor-ref.asmref has no target assembly definition
'Packages/com.unity.cinemachine/Editor/Obsolete/CinemachineVirtualCameraBaseEditor.cs' contains partial class of Unity.Object, exactly 1 of the partial classes needs to be in a file with the same filename. This is to know the one that can be referenced from ie. GameObjects
'Packages/com.unity.cinemachine/Editor/Editors/CinemachineVirtualCameraBaseEditor.cs' contains partial class of Unity.Object, exactly 1 of the partial classes needs to be in a file with the same filename. This is to know the one that can be referenced from ie. GameObjects
Refreshing native plugins compatible for Editor in 5.44 ms, found 4 plugins.
Native extension for WindowsStandalone target not found
Native extension for WebGL target not found
Assembly reference Packages/com.unity.cinemachine/Editor/Samples/ExposeHDRPInternals/HDRP-Editor-ref.asmref has no target assembly definition
[Package Manager] Failed to launch server process. Reason: Unity was launched with the -noUpm command-line argument
[Package Manager] Unable to send message (not connected to server process).
[Package Manager] Cannot connect to Unity Package Manager local server
Mono: successfully reloaded assembly
- Finished resetting the current domain, in  2.103 seconds
Domain Reload Profiling: 3971ms
	BeginReloadAssembly (515ms)
		ExecutionOrderSort (0ms)
		DisableScriptedObjects (28ms)
		BackupInstance (0ms)
		ReleaseScriptingObjects (0ms)
		CreateAndSetChildDomain (100ms)
	RebuildCommonClasses (104ms)
	RebuildNativeTypeToScriptingClass (25ms)
	initialDomainReloadingComplete (52ms)
	LoadAllAssembliesAndSetupDomain (1169ms)
		LoadAssemblies (948ms)
		RebuildTransferFunctionScriptingTraits (0ms)
		AnalyzeDomain (535ms)
			TypeCache.Refresh (15ms)
				TypeCache.ScanAssembly (0ms)
			BuildScriptInfoCaches (489ms)
			ResolveRequiredComponents (23ms)
	FinalizeReload (2105ms)
		ReleaseScriptCaches (0ms)
		RebuildScriptCaches (0ms)
		SetupLoadedEditorAssemblies (1612ms)
			LogAssemblyErrors (0ms)
			InitializePlatformSupportModulesInManaged (6ms)
			SetLoadedEditorAssemblies (10ms)
			BeforeProcessingInitializeOnLoad (263ms)
			ProcessInitializeOnLoadAttributes (1111ms)
			ProcessInitializeOnLoadMethodAttributes (217ms)
			AfterProcessingInitializeOnLoad (4ms)
			EditorAssembliesLoaded (1ms)
		ExecutionOrderSort2 (0ms)
		AwakeInstancesAfterBackupRestoration (35ms)
Refreshing native plugins compatible for Editor in 8.63 ms, found 4 plugins.
Preloading 0 native plugins for Editor in 0.00 ms.
Unloading 37 Unused Serialized files (Serialized files now loaded: 0)
Unloading 7033 unused Assets / (7.6 MB). Loaded Objects now: 8079.
Memory consumption went from 171.6 MB to 164.0 MB.
Total: 36.657600 ms (FindLiveObjects: 2.088500 ms CreateObjectMapping: 3.271000 ms MarkObjects: 17.302700 ms  DeleteObjects: 13.992000 ms)

Prepare: number of updated asset objects reloaded= 0
========================================================================
Received Prepare
Assembly reference Packages/com.unity.cinemachine/Editor/Samples/ExposeHDRPInternals/HDRP-Editor-ref.asmref has no target assembly definition
Assembly reference Packages/com.unity.cinemachine/Editor/Samples/ExposeHDRPInternals/HDRP-Editor-ref.asmref has no target assembly definition
Begin MonoManager ReloadAssembly
- Loaded All Assemblies, in  1.679 seconds
Assembly reference Packages/com.unity.cinemachine/Editor/Samples/ExposeHDRPInternals/HDRP-Editor-ref.asmref has no target assembly definition
'Packages/com.unity.cinemachine/Editor/Obsolete/CinemachineVirtualCameraBaseEditor.cs' contains partial class of Unity.Object, exactly 1 of the partial classes needs to be in a file with the same filename. This is to know the one that can be referenced from ie. GameObjects
'Packages/com.unity.cinemachine/Editor/Editors/CinemachineVirtualCameraBaseEditor.cs' contains partial class of Unity.Object, exactly 1 of the partial classes needs to be in a file with the same filename. This is to know the one that can be referenced from ie. GameObjects
Refreshing native plugins compatible for Editor in 6.05 ms, found 4 plugins.
Native extension for WindowsStandalone target not found
Native extension for WebGL target not found
Assembly reference Packages/com.unity.cinemachine/Editor/Samples/ExposeHDRPInternals/HDRP-Editor-ref.asmref has no target assembly definition
[Package Manager] Failed to launch server process. Reason: Unity was launched with the -noUpm command-line argument
[Package Manager] Unable to send message (not connected to server process).
[Package Manager] Cannot connect to Unity Package Manager local server
Mono: successfully reloaded assembly
- Finished resetting the current domain, in  2.067 seconds
Domain Reload Profiling: 3752ms
	BeginReloadAssembly (491ms)
		ExecutionOrderSort (0ms)
		DisableScriptedObjects (28ms)
		BackupInstance (0ms)
		ReleaseScriptingObjects (0ms)
		CreateAndSetChildDomain (110ms)
	RebuildCommonClasses (89ms)
	RebuildNativeTypeToScriptingClass (41ms)
	initialDomainReloadingComplete (51ms)
	LoadAllAssembliesAndSetupDomain (1012ms)
		LoadAssemblies (801ms)
		RebuildTransferFunctionScriptingTraits (0ms)
		AnalyzeDomain (491ms)
			TypeCache.Refresh (11ms)
				TypeCache.ScanAssembly (0ms)
			BuildScriptInfoCaches (450ms)
			ResolveRequiredComponents (22ms)
	FinalizeReload (2068ms)
		ReleaseScriptCaches (0ms)
		RebuildScriptCaches (0ms)
		SetupLoadedEditorAssemblies (1575ms)
			LogAssemblyErrors (0ms)
			InitializePlatformSupportModulesInManaged (4ms)
			SetLoadedEditorAssemblies (10ms)
			BeforeProcessingInitializeOnLoad (285ms)
			ProcessInitializeOnLoadAttributes (1038ms)
			ProcessInitializeOnLoadMethodAttributes (233ms)
			AfterProcessingInitializeOnLoad (4ms)
			EditorAssembliesLoaded (1ms)
		ExecutionOrderSort2 (0ms)
		AwakeInstancesAfterBackupRestoration (49ms)
Refreshing native plugins compatible for Editor in 4.79 ms, found 4 plugins.
Preloading 0 native plugins for Editor in 0.00 ms.
Unloading 37 Unused Serialized files (Serialized files now loaded: 0)
Unloading 7033 unused Assets / (7.3 MB). Loaded Objects now: 8081.
Memory consumption went from 173.6 MB to 166.2 MB.
Total: 22.221400 ms (FindLiveObjects: 1.651300 ms CreateObjectMapping: 1.870300 ms MarkObjects: 12.064500 ms  DeleteObjects: 6.632800 ms)

Prepare: number of updated asset objects reloaded= 0
========================================================================
Received Import Request.
  Time since last request: 2124.369489 seconds.
  path: Assets/Art/Other/ForSelectLevelScene/TilePalette14.prefab
  artifactKey: Guid(842d98d5e72bc2e45b7b7a949e2ac696) Importer(815301076,1909f56bfc062723c751e8b465ee728b)
Start importing Assets/Art/Other/ForSelectLevelScene/TilePalette14.prefab using Guid(842d98d5e72bc2e45b7b7a949e2ac696) Importer(815301076,1909f56bfc062723c751e8b465ee728b) (PreviewImporter) -> (artifact id: '05cc1694f80a9717e651e241a092e399') in 1.1390835 seconds
Number of updated asset objects reloaded before import = 0Number of asset objects unloaded after import = 44

========================================================================
Received Import Request.
  Time since last request: 247.838091 seconds.
  path: Assets/Art/Dadish_02_Assets/graphics/1x/font-441.png
  artifactKey: Guid(e623bf4fbf398924a869c4531c370d50) Importer(815301076,1909f56bfc062723c751e8b465ee728b)
Start importing Assets/Art/Dadish_02_Assets/graphics/1x/font-441.png using Guid(e623bf4fbf398924a869c4531c370d50) Importer(815301076,1909f56bfc062723c751e8b465ee728b) (PreviewImporter) -> (artifact id: '7efcfa02cb3459575e6f26198adfbac8') in 0.5180822 seconds
Number of updated asset objects reloaded before import = 0Number of asset objects unloaded after import = 34

========================================================================
Received Prepare
'Packages/com.unity.cinemachine/Editor/Obsolete/CinemachineVirtualCameraBaseEditor.cs' contains partial class of Unity.Object, exactly 1 of the partial classes needs to be in a file with the same filename. This is to know the one that can be referenced from ie. GameObjects
'Packages/com.unity.cinemachine/Editor/Editors/CinemachineVirtualCameraBaseEditor.cs' contains partial class of Unity.Object, exactly 1 of the partial classes needs to be in a file with the same filename. This is to know the one that can be referenced from ie. GameObjects
Refreshing native plugins compatible for Editor in 7.58 ms, found 4 plugins.
Preloading 0 native plugins for Editor in 0.00 ms.
Unloading 37 Unused Serialized files (Serialized files now loaded: 0)
Unloading 7022 unused Assets / (7.6 MB). Loaded Objects now: 8210.
Memory consumption went from 164.7 MB to 157.1 MB.
Total: 42.273900 ms (FindLiveObjects: 2.023300 ms CreateObjectMapping: 3.658900 ms MarkObjects: 20.384200 ms  DeleteObjects: 16.204000 ms)

Prepare: number of updated asset objects reloaded= 0
========================================================================
Received Prepare
Assembly reference Packages/com.unity.cinemachine/Editor/Samples/ExposeHDRPInternals/HDRP-Editor-ref.asmref has no target assembly definition
Assembly reference Packages/com.unity.cinemachine/Editor/Samples/ExposeHDRPInternals/HDRP-Editor-ref.asmref has no target assembly definition
Begin MonoManager ReloadAssembly
- Loaded All Assemblies, in  1.850 seconds
Assembly reference Packages/com.unity.cinemachine/Editor/Samples/ExposeHDRPInternals/HDRP-Editor-ref.asmref has no target assembly definition
'Packages/com.unity.cinemachine/Editor/Obsolete/CinemachineVirtualCameraBaseEditor.cs' contains partial class of Unity.Object, exactly 1 of the partial classes needs to be in a file with the same filename. This is to know the one that can be referenced from ie. GameObjects
'Packages/com.unity.cinemachine/Editor/Editors/CinemachineVirtualCameraBaseEditor.cs' contains partial class of Unity.Object, exactly 1 of the partial classes needs to be in a file with the same filename. This is to know the one that can be referenced from ie. GameObjects
Refreshing native plugins compatible for Editor in 3.46 ms, found 4 plugins.
Native extension for WindowsStandalone target not found
Native extension for WebGL target not found
Assembly reference Packages/com.unity.cinemachine/Editor/Samples/ExposeHDRPInternals/HDRP-Editor-ref.asmref has no target assembly definition
[Package Manager] Failed to launch server process. Reason: Unity was launched with the -noUpm command-line argument
[Package Manager] Unable to send message (not connected to server process).
[Package Manager] Cannot connect to Unity Package Manager local server
Mono: successfully reloaded assembly
- Finished resetting the current domain, in  1.648 seconds
Domain Reload Profiling: 3503ms
	BeginReloadAssembly (575ms)
		ExecutionOrderSort (0ms)
		DisableScriptedObjects (67ms)
		BackupInstance (0ms)
		ReleaseScriptingObjects (0ms)
		CreateAndSetChildDomain (115ms)
	RebuildCommonClasses (97ms)
	RebuildNativeTypeToScriptingClass (26ms)
	initialDomainReloadingComplete (59ms)
	LoadAllAssembliesAndSetupDomain (1097ms)
		LoadAssemblies (953ms)
		RebuildTransferFunctionScriptingTraits (0ms)
		AnalyzeDomain (471ms)
			TypeCache.Refresh (20ms)
				TypeCache.ScanAssembly (1ms)
			BuildScriptInfoCaches (413ms)
			ResolveRequiredComponents (27ms)
	FinalizeReload (1651ms)
		ReleaseScriptCaches (0ms)
		RebuildScriptCaches (0ms)
		SetupLoadedEditorAssemblies (1182ms)
			LogAssemblyErrors (0ms)
			InitializePlatformSupportModulesInManaged (6ms)
			SetLoadedEditorAssemblies (10ms)
			BeforeProcessingInitializeOnLoad (251ms)
			ProcessInitializeOnLoadAttributes (760ms)
			ProcessInitializeOnLoadMethodAttributes (151ms)
			AfterProcessingInitializeOnLoad (3ms)
			EditorAssembliesLoaded (1ms)
		ExecutionOrderSort2 (0ms)
		AwakeInstancesAfterBackupRestoration (32ms)
Refreshing native plugins compatible for Editor in 4.54 ms, found 4 plugins.
Preloading 0 native plugins for Editor in 0.00 ms.
Unloading 37 Unused Serialized files (Serialized files now loaded: 0)
Unloading 7033 unused Assets / (8.3 MB). Loaded Objects now: 8110.
Memory consumption went from 165.8 MB to 157.5 MB.
Total: 27.698000 ms (FindLiveObjects: 2.083800 ms CreateObjectMapping: 2.639200 ms MarkObjects: 12.568700 ms  DeleteObjects: 10.403500 ms)

Prepare: number of updated asset objects reloaded= 0
========================================================================
Received Prepare
Assembly reference Packages/com.unity.cinemachine/Editor/Samples/ExposeHDRPInternals/HDRP-Editor-ref.asmref has no target assembly definition
Assembly reference Packages/com.unity.cinemachine/Editor/Samples/ExposeHDRPInternals/HDRP-Editor-ref.asmref has no target assembly definition
Begin MonoManager ReloadAssembly
- Loaded All Assemblies, in  2.009 seconds
Assembly reference Packages/com.unity.cinemachine/Editor/Samples/ExposeHDRPInternals/HDRP-Editor-ref.asmref has no target assembly definition
'Packages/com.unity.cinemachine/Editor/Obsolete/CinemachineVirtualCameraBaseEditor.cs' contains partial class of Unity.Object, exactly 1 of the partial classes needs to be in a file with the same filename. This is to know the one that can be referenced from ie. GameObjects
'Packages/com.unity.cinemachine/Editor/Editors/CinemachineVirtualCameraBaseEditor.cs' contains partial class of Unity.Object, exactly 1 of the partial classes needs to be in a file with the same filename. This is to know the one that can be referenced from ie. GameObjects
Refreshing native plugins compatible for Editor in 6.74 ms, found 4 plugins.
Native extension for WindowsStandalone target not found
Native extension for WebGL target not found
Assembly reference Packages/com.unity.cinemachine/Editor/Samples/ExposeHDRPInternals/HDRP-Editor-ref.asmref has no target assembly definition
[Package Manager] Failed to launch server process. Reason: Unity was launched with the -noUpm command-line argument
[Package Manager] Unable to send message (not connected to server process).
[Package Manager] Cannot connect to Unity Package Manager local server
Mono: successfully reloaded assembly
- Finished resetting the current domain, in  1.636 seconds
Domain Reload Profiling: 3653ms
	BeginReloadAssembly (473ms)
		ExecutionOrderSort (0ms)
		DisableScriptedObjects (26ms)
		BackupInstance (0ms)
		ReleaseScriptingObjects (0ms)
		CreateAndSetChildDomain (110ms)
	RebuildCommonClasses (71ms)
	RebuildNativeTypeToScriptingClass (26ms)
	initialDomainReloadingComplete (70ms)
	LoadAllAssembliesAndSetupDomain (1375ms)
		LoadAssemblies (875ms)
		RebuildTransferFunctionScriptingTraits (0ms)
		AnalyzeDomain (766ms)
			TypeCache.Refresh (13ms)
				TypeCache.ScanAssembly (0ms)
			BuildScriptInfoCaches (703ms)
			ResolveRequiredComponents (38ms)
	FinalizeReload (1637ms)
		ReleaseScriptCaches (0ms)
		RebuildScriptCaches (0ms)
		SetupLoadedEditorAssemblies (1146ms)
			LogAssemblyErrors (0ms)
			InitializePlatformSupportModulesInManaged (5ms)
			SetLoadedEditorAssemblies (13ms)
			BeforeProcessingInitializeOnLoad (252ms)
			ProcessInitializeOnLoadAttributes (734ms)
			ProcessInitializeOnLoadMethodAttributes (137ms)
			AfterProcessingInitializeOnLoad (4ms)
			EditorAssembliesLoaded (1ms)
		ExecutionOrderSort2 (0ms)
		AwakeInstancesAfterBackupRestoration (23ms)
Refreshing native plugins compatible for Editor in 5.54 ms, found 4 plugins.
Preloading 0 native plugins for Editor in 0.00 ms.
Unloading 37 Unused Serialized files (Serialized files now loaded: 0)
Unloading 7033 unused Assets / (6.8 MB). Loaded Objects now: 8112.
Memory consumption went from 167.6 MB to 160.8 MB.
Total: 36.581700 ms (FindLiveObjects: 1.611800 ms CreateObjectMapping: 1.753600 ms MarkObjects: 13.977300 ms  DeleteObjects: 19.235200 ms)

Prepare: number of updated asset objects reloaded= 0
========================================================================
Received Prepare
Assembly reference Packages/com.unity.cinemachine/Editor/Samples/ExposeHDRPInternals/HDRP-Editor-ref.asmref has no target assembly definition
Assembly reference Packages/com.unity.cinemachine/Editor/Samples/ExposeHDRPInternals/HDRP-Editor-ref.asmref has no target assembly definition
Begin MonoManager ReloadAssembly
- Loaded All Assemblies, in  1.692 seconds
Assembly reference Packages/com.unity.cinemachine/Editor/Samples/ExposeHDRPInternals/HDRP-Editor-ref.asmref has no target assembly definition
'Packages/com.unity.cinemachine/Editor/Obsolete/CinemachineVirtualCameraBaseEditor.cs' contains partial class of Unity.Object, exactly 1 of the partial classes needs to be in a file with the same filename. This is to know the one that can be referenced from ie. GameObjects
'Packages/com.unity.cinemachine/Editor/Editors/CinemachineVirtualCameraBaseEditor.cs' contains partial class of Unity.Object, exactly 1 of the partial classes needs to be in a file with the same filename. This is to know the one that can be referenced from ie. GameObjects
Refreshing native plugins compatible for Editor in 3.95 ms, found 4 plugins.
Native extension for WindowsStandalone target not found
Native extension for WebGL target not found
Assembly reference Packages/com.unity.cinemachine/Editor/Samples/ExposeHDRPInternals/HDRP-Editor-ref.asmref has no target assembly definition
[Package Manager] Failed to launch server process. Reason: Unity was launched with the -noUpm command-line argument
[Package Manager] Unable to send message (not connected to server process).
[Package Manager] Cannot connect to Unity Package Manager local server
Mono: successfully reloaded assembly
- Finished resetting the current domain, in  1.981 seconds
Domain Reload Profiling: 3679ms
	BeginReloadAssembly (457ms)
		ExecutionOrderSort (0ms)
		DisableScriptedObjects (40ms)
		BackupInstance (0ms)
		ReleaseScriptingObjects (0ms)
		CreateAndSetChildDomain (101ms)
	RebuildCommonClasses (78ms)
	RebuildNativeTypeToScriptingClass (30ms)
	initialDomainReloadingComplete (53ms)
	LoadAllAssembliesAndSetupDomain (1080ms)
		LoadAssemblies (825ms)
		RebuildTransferFunctionScriptingTraits (0ms)
		AnalyzeDomain (502ms)
			TypeCache.Refresh (11ms)
				TypeCache.ScanAssembly (0ms)
			BuildScriptInfoCaches (453ms)
			ResolveRequiredComponents (28ms)
	FinalizeReload (1982ms)
		ReleaseScriptCaches (0ms)
		RebuildScriptCaches (0ms)
		SetupLoadedEditorAssemblies (1507ms)
			LogAssemblyErrors (0ms)
			InitializePlatformSupportModulesInManaged (7ms)
			SetLoadedEditorAssemblies (13ms)
			BeforeProcessingInitializeOnLoad (273ms)
			ProcessInitializeOnLoadAttributes (1035ms)
			ProcessInitializeOnLoadMethodAttributes (175ms)
			AfterProcessingInitializeOnLoad (3ms)
			EditorAssembliesLoaded (1ms)
		ExecutionOrderSort2 (0ms)
		AwakeInstancesAfterBackupRestoration (31ms)
Refreshing native plugins compatible for Editor in 8.47 ms, found 4 plugins.
Preloading 0 native plugins for Editor in 0.00 ms.
Unloading 37 Unused Serialized files (Serialized files now loaded: 0)
Unloading 7033 unused Assets / (8.0 MB). Loaded Objects now: 8114.
Memory consumption went from 169.5 MB to 161.5 MB.
Total: 37.499500 ms (FindLiveObjects: 2.482900 ms CreateObjectMapping: 3.108200 ms MarkObjects: 17.266000 ms  DeleteObjects: 14.638800 ms)

Prepare: number of updated asset objects reloaded= 0
========================================================================
Received Prepare
Assembly reference Packages/com.unity.cinemachine/Editor/Samples/ExposeHDRPInternals/HDRP-Editor-ref.asmref has no target assembly definition
Assembly reference Packages/com.unity.cinemachine/Editor/Samples/ExposeHDRPInternals/HDRP-Editor-ref.asmref has no target assembly definition
Begin MonoManager ReloadAssembly
- Loaded All Assemblies, in  1.713 seconds
Assembly reference Packages/com.unity.cinemachine/Editor/Samples/ExposeHDRPInternals/HDRP-Editor-ref.asmref has no target assembly definition
'Packages/com.unity.cinemachine/Editor/Obsolete/CinemachineVirtualCameraBaseEditor.cs' contains partial class of Unity.Object, exactly 1 of the partial classes needs to be in a file with the same filename. This is to know the one that can be referenced from ie. GameObjects
'Packages/com.unity.cinemachine/Editor/Editors/CinemachineVirtualCameraBaseEditor.cs' contains partial class of Unity.Object, exactly 1 of the partial classes needs to be in a file with the same filename. This is to know the one that can be referenced from ie. GameObjects
Refreshing native plugins compatible for Editor in 5.57 ms, found 4 plugins.
Native extension for WindowsStandalone target not found
Native extension for WebGL target not found
Assembly reference Packages/com.unity.cinemachine/Editor/Samples/ExposeHDRPInternals/HDRP-Editor-ref.asmref has no target assembly definition
[Package Manager] Failed to launch server process. Reason: Unity was launched with the -noUpm command-line argument
[Package Manager] Unable to send message (not connected to server process).
[Package Manager] Cannot connect to Unity Package Manager local server
Mono: successfully reloaded assembly
- Finished resetting the current domain, in  1.909 seconds
Domain Reload Profiling: 3632ms
	BeginReloadAssembly (453ms)
		ExecutionOrderSort (0ms)
		DisableScriptedObjects (34ms)
		BackupInstance (0ms)
		ReleaseScriptingObjects (0ms)
		CreateAndSetChildDomain (107ms)
	RebuildCommonClasses (81ms)
	RebuildNativeTypeToScriptingClass (28ms)
	initialDomainReloadingComplete (55ms)
	LoadAllAssembliesAndSetupDomain (1105ms)
		LoadAssemblies (840ms)
		RebuildTransferFunctionScriptingTraits (0ms)
		AnalyzeDomain (501ms)
			TypeCache.Refresh (15ms)
				TypeCache.ScanAssembly (0ms)
			BuildScriptInfoCaches (452ms)
			ResolveRequiredComponents (25ms)
	FinalizeReload (1911ms)
		ReleaseScriptCaches (0ms)
		RebuildScriptCaches (0ms)
		SetupLoadedEditorAssemblies (1436ms)
			LogAssemblyErrors (0ms)
			InitializePlatformSupportModulesInManaged (4ms)
			SetLoadedEditorAssemblies (10ms)
			BeforeProcessingInitializeOnLoad (300ms)
			ProcessInitializeOnLoadAttributes (926ms)
			ProcessInitializeOnLoadMethodAttributes (190ms)
			AfterProcessingInitializeOnLoad (5ms)
			EditorAssembliesLoaded (1ms)
		ExecutionOrderSort2 (0ms)
		AwakeInstancesAfterBackupRestoration (40ms)
Refreshing native plugins compatible for Editor in 7.86 ms, found 4 plugins.
Preloading 0 native plugins for Editor in 0.00 ms.
Unloading 37 Unused Serialized files (Serialized files now loaded: 0)
Unloading 7033 unused Assets / (8.1 MB). Loaded Objects now: 8116.
Memory consumption went from 171.4 MB to 163.3 MB.
Total: 41.730000 ms (FindLiveObjects: 2.888100 ms CreateObjectMapping: 3.334300 ms MarkObjects: 19.017200 ms  DeleteObjects: 16.485500 ms)

Prepare: number of updated asset objects reloaded= 0
========================================================================
Received Import Request.
  Time since last request: 849.293591 seconds.
  path: Assets/Art/Free Assets Pack/Emoji & Icon/bubble emotes july update.png
  artifactKey: Guid(13ab01ae73cb7b24f91941e19a4ffed2) Importer(815301076,1909f56bfc062723c751e8b465ee728b)
Start importing Assets/Art/Free Assets Pack/Emoji & Icon/bubble emotes july update.png using Guid(13ab01ae73cb7b24f91941e19a4ffed2) Importer(815301076,1909f56bfc062723c751e8b465ee728b) (PreviewImporter) -> (artifact id: '7e436730f54e95dcd732cf1dd8ba5c3b') in 1.1166791 seconds
Number of updated asset objects reloaded before import = 0Number of asset objects unloaded after import = 93

========================================================================
Received Import Request.
  Time since last request: 7.184478 seconds.
  path: Assets/Art/Free Assets Pack/Emoji & Icon/bubble emotes july update.png
  artifactKey: Guid(13ab01ae73cb7b24f91941e19a4ffed2) Importer(815301076,1909f56bfc062723c751e8b465ee728b)
Start importing Assets/Art/Free Assets Pack/Emoji & Icon/bubble emotes july update.png using Guid(13ab01ae73cb7b24f91941e19a4ffed2) Importer(815301076,1909f56bfc062723c751e8b465ee728b) (PreviewImporter) -> (artifact id: '4661cb7aaed028093df9fb83a6f76aa7') in 0.9085995 seconds
Number of updated asset objects reloaded before import = 0Number of asset objects unloaded after import = 93

========================================================================
Received Import Request.
  Time since last request: 21.018213 seconds.
  path: Assets/Art/Free Assets Pack/Emoji & Icon/bubble emotes july update.png
  artifactKey: Guid(13ab01ae73cb7b24f91941e19a4ffed2) Importer(815301076,1909f56bfc062723c751e8b465ee728b)
Start importing Assets/Art/Free Assets Pack/Emoji & Icon/bubble emotes july update.png using Guid(13ab01ae73cb7b24f91941e19a4ffed2) Importer(815301076,1909f56bfc062723c751e8b465ee728b) (PreviewImporter) -> (artifact id: '8cc602463663c66ac132a53cbb7b1be9') in 1.4036019 seconds
Number of updated asset objects reloaded before import = 0Number of asset objects unloaded after import = 152

========================================================================
Received Prepare
'Packages/com.unity.cinemachine/Editor/Obsolete/CinemachineVirtualCameraBaseEditor.cs' contains partial class of Unity.Object, exactly 1 of the partial classes needs to be in a file with the same filename. This is to know the one that can be referenced from ie. GameObjects
'Packages/com.unity.cinemachine/Editor/Editors/CinemachineVirtualCameraBaseEditor.cs' contains partial class of Unity.Object, exactly 1 of the partial classes needs to be in a file with the same filename. This is to know the one that can be referenced from ie. GameObjects
Refreshing native plugins compatible for Editor in 8.31 ms, found 4 plugins.
Preloading 0 native plugins for Editor in 0.00 ms.
Unloading 37 Unused Serialized files (Serialized files now loaded: 0)
Unloading 7023 unused Assets / (9.0 MB). Loaded Objects now: 8163.
Memory consumption went from 164.9 MB to 155.9 MB.
Total: 122.189200 ms (FindLiveObjects: 3.072800 ms CreateObjectMapping: 5.605800 ms MarkObjects: 98.784400 ms  DeleteObjects: 14.723000 ms)

Prepare: number of updated asset objects reloaded= 0
========================================================================
Received Prepare
Assembly reference Packages/com.unity.cinemachine/Editor/Samples/ExposeHDRPInternals/HDRP-Editor-ref.asmref has no target assembly definition
Assembly reference Packages/com.unity.cinemachine/Editor/Samples/ExposeHDRPInternals/HDRP-Editor-ref.asmref has no target assembly definition
Begin MonoManager ReloadAssembly
- Loaded All Assemblies, in  2.014 seconds
Assembly reference Packages/com.unity.cinemachine/Editor/Samples/ExposeHDRPInternals/HDRP-Editor-ref.asmref has no target assembly definition
'Packages/com.unity.cinemachine/Editor/Obsolete/CinemachineVirtualCameraBaseEditor.cs' contains partial class of Unity.Object, exactly 1 of the partial classes needs to be in a file with the same filename. This is to know the one that can be referenced from ie. GameObjects
'Packages/com.unity.cinemachine/Editor/Editors/CinemachineVirtualCameraBaseEditor.cs' contains partial class of Unity.Object, exactly 1 of the partial classes needs to be in a file with the same filename. This is to know the one that can be referenced from ie. GameObjects
Refreshing native plugins compatible for Editor in 5.47 ms, found 4 plugins.
Native extension for WindowsStandalone target not found
Native extension for WebGL target not found
Assembly reference Packages/com.unity.cinemachine/Editor/Samples/ExposeHDRPInternals/HDRP-Editor-ref.asmref has no target assembly definition
[Package Manager] Failed to launch server process. Reason: Unity was launched with the -noUpm command-line argument
[Package Manager] Unable to send message (not connected to server process).
[Package Manager] Cannot connect to Unity Package Manager local server
Mono: successfully reloaded assembly
- Finished resetting the current domain, in  1.915 seconds
Domain Reload Profiling: 3938ms
	BeginReloadAssembly (562ms)
		ExecutionOrderSort (0ms)
		DisableScriptedObjects (36ms)
		BackupInstance (0ms)
		ReleaseScriptingObjects (0ms)
		CreateAndSetChildDomain (120ms)
	RebuildCommonClasses (99ms)
	RebuildNativeTypeToScriptingClass (37ms)
	initialDomainReloadingComplete (67ms)
	LoadAllAssembliesAndSetupDomain (1257ms)
		LoadAssemblies (993ms)
		RebuildTransferFunctionScriptingTraits (0ms)
		AnalyzeDomain (588ms)
			TypeCache.Refresh (22ms)
				TypeCache.ScanAssembly (1ms)
			BuildScriptInfoCaches (522ms)
			ResolveRequiredComponents (34ms)
	FinalizeReload (1916ms)
		ReleaseScriptCaches (0ms)
		RebuildScriptCaches (0ms)
		SetupLoadedEditorAssemblies (1375ms)
			LogAssemblyErrors (0ms)
			InitializePlatformSupportModulesInManaged (6ms)
			SetLoadedEditorAssemblies (12ms)
			BeforeProcessingInitializeOnLoad (299ms)
			ProcessInitializeOnLoadAttributes (907ms)
			ProcessInitializeOnLoadMethodAttributes (148ms)
			AfterProcessingInitializeOnLoad (3ms)
			EditorAssembliesLoaded (1ms)
		ExecutionOrderSort2 (0ms)
		AwakeInstancesAfterBackupRestoration (28ms)
Refreshing native plugins compatible for Editor in 4.08 ms, found 4 plugins.
Preloading 0 native plugins for Editor in 0.00 ms.
Unloading 37 Unused Serialized files (Serialized files now loaded: 0)
Unloading 7034 unused Assets / (7.5 MB). Loaded Objects now: 8164.
Memory consumption went from 166.1 MB to 158.6 MB.
Total: 25.569700 ms (FindLiveObjects: 1.551100 ms CreateObjectMapping: 1.822500 ms MarkObjects: 12.339800 ms  DeleteObjects: 9.854200 ms)

Prepare: number of updated asset objects reloaded= 0
========================================================================
Received Prepare
'Packages/com.unity.cinemachine/Editor/Obsolete/CinemachineVirtualCameraBaseEditor.cs' contains partial class of Unity.Object, exactly 1 of the partial classes needs to be in a file with the same filename. This is to know the one that can be referenced from ie. GameObjects
'Packages/com.unity.cinemachine/Editor/Editors/CinemachineVirtualCameraBaseEditor.cs' contains partial class of Unity.Object, exactly 1 of the partial classes needs to be in a file with the same filename. This is to know the one that can be referenced from ie. GameObjects
Refreshing native plugins compatible for Editor in 7.40 ms, found 4 plugins.
Preloading 0 native plugins for Editor in 0.00 ms.
Unloading 37 Unused Serialized files (Serialized files now loaded: 0)
Unloading 7023 unused Assets / (5.5 MB). Loaded Objects now: 8164.
Memory consumption went from 168.2 MB to 162.7 MB.
Total: 38.080200 ms (FindLiveObjects: 2.493600 ms CreateObjectMapping: 2.600700 ms MarkObjects: 19.980500 ms  DeleteObjects: 13.001200 ms)

Prepare: number of updated asset objects reloaded= 0
========================================================================
Received Prepare
'Packages/com.unity.cinemachine/Editor/Obsolete/CinemachineVirtualCameraBaseEditor.cs' contains partial class of Unity.Object, exactly 1 of the partial classes needs to be in a file with the same filename. This is to know the one that can be referenced from ie. GameObjects
'Packages/com.unity.cinemachine/Editor/Editors/CinemachineVirtualCameraBaseEditor.cs' contains partial class of Unity.Object, exactly 1 of the partial classes needs to be in a file with the same filename. This is to know the one that can be referenced from ie. GameObjects
Refreshing native plugins compatible for Editor in 24.92 ms, found 4 plugins.
Preloading 0 native plugins for Editor in 0.00 ms.
Unloading 37 Unused Serialized files (Serialized files now loaded: 0)
Unloading 7023 unused Assets / (7.7 MB). Loaded Objects now: 8164.
Memory consumption went from 170.1 MB to 162.3 MB.
Total: 33.861000 ms (FindLiveObjects: 2.230900 ms CreateObjectMapping: 3.697200 ms MarkObjects: 15.657100 ms  DeleteObjects: 12.272300 ms)

Prepare: number of updated asset objects reloaded= 0
========================================================================
Received Prepare
Assembly reference Packages/com.unity.cinemachine/Editor/Samples/ExposeHDRPInternals/HDRP-Editor-ref.asmref has no target assembly definition
Assembly reference Packages/com.unity.cinemachine/Editor/Samples/ExposeHDRPInternals/HDRP-Editor-ref.asmref has no target assembly definition
Begin MonoManager ReloadAssembly
- Loaded All Assemblies, in  1.980 seconds
Assembly reference Packages/com.unity.cinemachine/Editor/Samples/ExposeHDRPInternals/HDRP-Editor-ref.asmref has no target assembly definition
'Packages/com.unity.cinemachine/Editor/Obsolete/CinemachineVirtualCameraBaseEditor.cs' contains partial class of Unity.Object, exactly 1 of the partial classes needs to be in a file with the same filename. This is to know the one that can be referenced from ie. GameObjects
'Packages/com.unity.cinemachine/Editor/Editors/CinemachineVirtualCameraBaseEditor.cs' contains partial class of Unity.Object, exactly 1 of the partial classes needs to be in a file with the same filename. This is to know the one that can be referenced from ie. GameObjects
Refreshing native plugins compatible for Editor in 6.65 ms, found 4 plugins.
Native extension for WindowsStandalone target not found
Native extension for WebGL target not found
Assembly reference Packages/com.unity.cinemachine/Editor/Samples/ExposeHDRPInternals/HDRP-Editor-ref.asmref has no target assembly definition
[Package Manager] Failed to launch server process. Reason: Unity was launched with the -noUpm command-line argument
[Package Manager] Unable to send message (not connected to server process).
[Package Manager] Cannot connect to Unity Package Manager local server
Mono: successfully reloaded assembly
- Finished resetting the current domain, in  1.812 seconds
Domain Reload Profiling: 3798ms
	BeginReloadAssembly (570ms)
		ExecutionOrderSort (0ms)
		DisableScriptedObjects (28ms)
		BackupInstance (0ms)
		ReleaseScriptingObjects (0ms)
		CreateAndSetChildDomain (113ms)
	RebuildCommonClasses (79ms)
	RebuildNativeTypeToScriptingClass (34ms)
	initialDomainReloadingComplete (69ms)
	LoadAllAssembliesAndSetupDomain (1234ms)
		LoadAssemblies (1002ms)
		RebuildTransferFunctionScriptingTraits (0ms)
		AnalyzeDomain (570ms)
			TypeCache.Refresh (23ms)
				TypeCache.ScanAssembly (1ms)
			BuildScriptInfoCaches (496ms)
			ResolveRequiredComponents (41ms)
	FinalizeReload (1812ms)
		ReleaseScriptCaches (0ms)
		RebuildScriptCaches (0ms)
		SetupLoadedEditorAssemblies (1309ms)
			LogAssemblyErrors (0ms)
			InitializePlatformSupportModulesInManaged (7ms)
			SetLoadedEditorAssemblies (9ms)
			BeforeProcessingInitializeOnLoad (279ms)
			ProcessInitializeOnLoadAttributes (866ms)
			ProcessInitializeOnLoadMethodAttributes (145ms)
			AfterProcessingInitializeOnLoad (3ms)
			EditorAssembliesLoaded (1ms)
		ExecutionOrderSort2 (0ms)
		AwakeInstancesAfterBackupRestoration (26ms)
Refreshing native plugins compatible for Editor in 6.79 ms, found 4 plugins.
Preloading 0 native plugins for Editor in 0.00 ms.
Unloading 37 Unused Serialized files (Serialized files now loaded: 0)
Unloading 7034 unused Assets / (8.0 MB). Loaded Objects now: 8166.
Memory consumption went from 171.8 MB to 163.8 MB.
Total: 26.992600 ms (FindLiveObjects: 2.363200 ms CreateObjectMapping: 2.429500 ms MarkObjects: 11.465100 ms  DeleteObjects: 10.731600 ms)

Prepare: number of updated asset objects reloaded= 0
