Using pre-set license
Built from '6000.1/staging' branch; Version is '6000.1.0f1 (9ea152932a88) revision 10395986'; Using compiler version '194234433'; Build Type 'Release'
OS: 'Windows 11  (10.0.26100) 64bit CoreSingleLanguage' Language: 'en' Physical Memory: 15647 MB
BatchMode: 1, IsHumanControllingUs: 0, StartBugReporterOnCrash: 0, Is64bit: 1, IsPro: 1
Date: 2025-05-23T11:26:08Z

COMMAND LINE ARGUMENTS:
D:\Unity\Editor\6000.1.0f1\Editor\Unity.exe
-adb2
-batchMode
-noUpm
-name
AssetImportWorker1
-projectPath
D:/PRU212/Tiny Trouble/Tiny Trouble
-logFile
Logs/AssetImportWorker1.log
-srvPort
55647
-job-worker-count
3
-background-job-worker-count
8
-gc-helper-count
1
-name
AssetImport
Successfully changed project path to: D:/PRU212/Tiny Trouble/Tiny Trouble
D:/PRU212/Tiny Trouble/Tiny Trouble
[UnityMemory] Configuration Parameters - Can be set up in boot.config
    "memorysetup-allocator-temp-initial-block-size-main=262144"
    "memorysetup-allocator-temp-initial-block-size-worker=262144"
    "memorysetup-bucket-allocator-granularity=16"
    "memorysetup-bucket-allocator-bucket-count=8"
    "memorysetup-bucket-allocator-block-size=33554432"
    "memorysetup-bucket-allocator-block-count=8"
    "memorysetup-main-allocator-block-size=16777216"
    "memorysetup-thread-allocator-block-size=16777216"
    "memorysetup-gfx-main-allocator-block-size=16777216"
    "memorysetup-gfx-thread-allocator-block-size=16777216"
    "memorysetup-cache-allocator-block-size=4194304"
    "memorysetup-typetree-allocator-block-size=2097152"
    "memorysetup-profiler-bucket-allocator-granularity=16"
    "memorysetup-profiler-bucket-allocator-bucket-count=8"
    "memorysetup-profiler-bucket-allocator-block-size=33554432"
    "memorysetup-profiler-bucket-allocator-block-count=8"
    "memorysetup-profiler-allocator-block-size=16777216"
    "memorysetup-profiler-editor-allocator-block-size=1048576"
    "memorysetup-temp-allocator-size-main=16777216"
    "memorysetup-job-temp-allocator-block-size=2097152"
    "memorysetup-job-temp-allocator-block-size-background=1048576"
    "memorysetup-job-temp-allocator-reduction-small-platforms=262144"
    "memorysetup-temp-allocator-size-background-worker=32768"
    "memorysetup-temp-allocator-size-job-worker=262144"
    "memorysetup-temp-allocator-size-preload-manager=33554432"
    "memorysetup-temp-allocator-size-nav-mesh-worker=65536"
    "memorysetup-temp-allocator-size-audio-worker=65536"
    "memorysetup-temp-allocator-size-cloud-worker=32768"
    "memorysetup-temp-allocator-size-gi-baking-worker=262144"
    "memorysetup-temp-allocator-size-gi-baking-worker=262144"
    "memorysetup-temp-allocator-size-gi-baking-worker=262144"
    "memorysetup-temp-allocator-size-gi-baking-worker=262144"
    "memorysetup-temp-allocator-size-gi-baking-worker=262144"
    "memorysetup-temp-allocator-size-gfx=262144"
Player connection [29108]  Target information:

Player connection [29108]  * "[IP] 192.168.102.7 [Port] 0 [Flags] 2 [Guid] 1745539553 [EditorId] 1745539553 [Version] 1048832 [Id] WindowsEditor(7,MyASUS) [Debug] 1 [PackageName] WindowsEditor [ProjectName] Editor" 

Player connection [29108] Host joined multi-casting on [225.0.0.222:54997]...
Player connection [29108] Host joined alternative multi-casting on [225.0.0.222:34997]...
JobSystem: Creating JobQueue using job-worker-count value 3
Input System module state changed to: Initialized.
[Physics::Module] Initialized fallback backend.
[Physics::Module] Id: 0xdecafbad
Library Redirect Path: Library/
[Physics::Module] Selected backend.
[Physics::Module] Name: PhysX
[Physics::Module] Id: 0xf2b8ea05
[Physics::Module] SDK Version: 4.1.2
[Physics::Module] Integration Version: 1.0.0
[Physics::Module] Threading Mode: Multi-Threaded
Refreshing native plugins compatible for Editor in 12.44 ms, found 4 plugins.
Preloading 0 native plugins for Editor in 0.00 ms.
Initialize engine version: 6000.1.0f1 (9ea152932a88)
[Subsystems] Discovering subsystems at path D:/Unity/Editor/6000.1.0f1/Editor/Data/Resources/UnitySubsystems
[Subsystems] Discovering subsystems at path D:/PRU212/Tiny Trouble/Tiny Trouble/Assets
GfxDevice: creating device client; kGfxThreadingModeNonThreaded
Direct3D:
    Version:         Direct3D 12 [level 12.1]
    Renderer:        AMD Radeon(TM) Graphics (ID=0x1506)
    Vendor:          ATI
    VRAM:            7823 MB
    App VRAM Budget: 7640 MB
    Driver:          31.0.12042.2002
    Unified Memory Architecture
Initialize mono
Mono path[0] = 'D:/Unity/Editor/6000.1.0f1/Editor/Data/Managed'
Mono path[1] = 'D:/Unity/Editor/6000.1.0f1/Editor/Data/MonoBleedingEdge/lib/mono/unityjit-win32'
Mono config path = 'D:/Unity/Editor/6000.1.0f1/Editor/Data/MonoBleedingEdge/etc'
Using monoOptions --debugger-agent=transport=dt_socket,embedding=1,server=y,suspend=n,address=127.0.0.1:56528
Begin MonoManager ReloadAssembly
Registering precompiled unity dll's ...
Register platform support module: D:/Unity/Editor/6000.1.0f1/Editor/Data/PlaybackEngines/WebGLSupport/UnityEditor.WebGL.Extensions.dll
Register platform support module: D:/Unity/Editor/6000.1.0f1/Editor/Data/PlaybackEngines/WindowsStandaloneSupport/UnityEditor.WindowsStandalone.Extensions.dll
Registered in 0.005124 seconds.
- Loaded All Assemblies, in  1.187 seconds
Native extension for WindowsStandalone target not found
Native extension for WebGL target not found
Mono: successfully reloaded assembly
- Finished resetting the current domain, in  0.985 seconds
Domain Reload Profiling: 2172ms
	BeginReloadAssembly (452ms)
		ExecutionOrderSort (0ms)
		DisableScriptedObjects (0ms)
		BackupInstance (0ms)
		ReleaseScriptingObjects (0ms)
		CreateAndSetChildDomain (1ms)
	RebuildCommonClasses (97ms)
	RebuildNativeTypeToScriptingClass (27ms)
	initialDomainReloadingComplete (106ms)
	LoadAllAssembliesAndSetupDomain (504ms)
		LoadAssemblies (452ms)
		RebuildTransferFunctionScriptingTraits (0ms)
		AnalyzeDomain (493ms)
			TypeCache.Refresh (488ms)
				TypeCache.ScanAssembly (456ms)
			BuildScriptInfoCaches (0ms)
			ResolveRequiredComponents (1ms)
	FinalizeReload (986ms)
		ReleaseScriptCaches (0ms)
		RebuildScriptCaches (0ms)
		SetupLoadedEditorAssemblies (843ms)
			LogAssemblyErrors (0ms)
			InitializePlatformSupportModulesInManaged (155ms)
			SetLoadedEditorAssemblies (9ms)
			BeforeProcessingInitializeOnLoad (146ms)
			ProcessInitializeOnLoadAttributes (376ms)
			ProcessInitializeOnLoadMethodAttributes (155ms)
			AfterProcessingInitializeOnLoad (0ms)
			EditorAssembliesLoaded (0ms)
		ExecutionOrderSort2 (0ms)
		AwakeInstancesAfterBackupRestoration (0ms)
Assembly reference Packages/com.unity.cinemachine/Editor/Samples/ExposeHDRPInternals/HDRP-Editor-ref.asmref has no target assembly definition
========================================================================
Worker process is ready to serve import requests
Import Worker Mode flag is 0x00
Assembly reference Packages/com.unity.cinemachine/Editor/Samples/ExposeHDRPInternals/HDRP-Editor-ref.asmref has no target assembly definition
Assembly reference Packages/com.unity.cinemachine/Editor/Samples/ExposeHDRPInternals/HDRP-Editor-ref.asmref has no target assembly definition
Begin MonoManager ReloadAssembly
- Loaded All Assemblies, in  2.667 seconds
Assembly reference Packages/com.unity.cinemachine/Editor/Samples/ExposeHDRPInternals/HDRP-Editor-ref.asmref has no target assembly definition
'Packages/com.unity.cinemachine/Editor/Obsolete/CinemachineVirtualCameraBaseEditor.cs' contains partial class of Unity.Object, exactly 1 of the partial classes needs to be in a file with the same filename. This is to know the one that can be referenced from ie. GameObjects
'Packages/com.unity.cinemachine/Editor/Editors/CinemachineVirtualCameraBaseEditor.cs' contains partial class of Unity.Object, exactly 1 of the partial classes needs to be in a file with the same filename. This is to know the one that can be referenced from ie. GameObjects
Refreshing native plugins compatible for Editor in 6.96 ms, found 4 plugins.
Native extension for WindowsStandalone target not found
Native extension for WebGL target not found
Assembly reference Packages/com.unity.cinemachine/Editor/Samples/ExposeHDRPInternals/HDRP-Editor-ref.asmref has no target assembly definition
Package Manager log level set to [2]
[Package Manager] Failed to launch server process. Reason: Unity was launched with the -noUpm command-line argument
[Package Manager] Unable to send message (not connected to server process).
[Package Manager] Cannot connect to Unity Package Manager local server
Mono: successfully reloaded assembly
- Finished resetting the current domain, in  2.636 seconds
Domain Reload Profiling: 5302ms
	BeginReloadAssembly (600ms)
		ExecutionOrderSort (0ms)
		DisableScriptedObjects (19ms)
		BackupInstance (0ms)
		ReleaseScriptingObjects (0ms)
		CreateAndSetChildDomain (80ms)
	RebuildCommonClasses (130ms)
	RebuildNativeTypeToScriptingClass (43ms)
	initialDomainReloadingComplete (110ms)
	LoadAllAssembliesAndSetupDomain (1781ms)
		LoadAssemblies (1279ms)
		RebuildTransferFunctionScriptingTraits (0ms)
		AnalyzeDomain (917ms)
			TypeCache.Refresh (678ms)
				TypeCache.ScanAssembly (635ms)
			BuildScriptInfoCaches (188ms)
			ResolveRequiredComponents (41ms)
	FinalizeReload (2638ms)
		ReleaseScriptCaches (0ms)
		RebuildScriptCaches (0ms)
		SetupLoadedEditorAssemblies (2176ms)
			LogAssemblyErrors (0ms)
			InitializePlatformSupportModulesInManaged (6ms)
			SetLoadedEditorAssemblies (14ms)
			BeforeProcessingInitializeOnLoad (388ms)
			ProcessInitializeOnLoadAttributes (1407ms)
			ProcessInitializeOnLoadMethodAttributes (355ms)
			AfterProcessingInitializeOnLoad (5ms)
			EditorAssembliesLoaded (1ms)
		ExecutionOrderSort2 (0ms)
		AwakeInstancesAfterBackupRestoration (19ms)
Launched and connected shader compiler UnityShaderCompiler.exe after 0.07 seconds
Refreshing native plugins compatible for Editor in 5.87 ms, found 4 plugins.
Preloading 0 native plugins for Editor in 0.00 ms.
Unloading 233 Unused Serialized files (Serialized files now loaded: 0)
Unloading 7027 unused Assets / (7.7 MB). Loaded Objects now: 7710.
Memory consumption went from 180.3 MB to 172.7 MB.
Total: 29.828800 ms (FindLiveObjects: 1.942000 ms CreateObjectMapping: 1.987000 ms MarkObjects: 14.926500 ms  DeleteObjects: 10.969600 ms)

========================================================================
Received Import Request.
  Time since last request: 1136314.104878 seconds.
  path: Assets/Art/Free Assets Pack
  artifactKey: Guid(d0ce7ae596e443441811a33f5070b9f4) Importer(815301076,1909f56bfc062723c751e8b465ee728b)
Start importing Assets/Art/Free Assets Pack using Guid(d0ce7ae596e443441811a33f5070b9f4) Importer(815301076,1909f56bfc062723c751e8b465ee728b) (PreviewImporter) -> (artifact id: '9bfb7271fcf1974e73ea57395093a1b2') in 0.025214 seconds
Number of updated asset objects reloaded before import = 0Number of asset objects unloaded after import = 0

========================================================================
Received Import Request.
  Time since last request: 171.579518 seconds.
  path: Assets/Art/Free Assets Pack/Character/mini capy.png
  artifactKey: Guid(d8f72298ad803e94aa10e7802c9cb1ed) Importer(815301076,1909f56bfc062723c751e8b465ee728b)
Start importing Assets/Art/Free Assets Pack/Character/mini capy.png using Guid(d8f72298ad803e94aa10e7802c9cb1ed) Importer(815301076,1909f56bfc062723c751e8b465ee728b) (PreviewImporter) -> (artifact id: 'a8e0aabb7725453601aab6a8ea221472') in 0.342887 seconds
Number of updated asset objects reloaded before import = 0Number of asset objects unloaded after import = 3

========================================================================
Received Import Request.
  Time since last request: 6.051202 seconds.
  path: Assets/Art/Free Assets Pack/Character/dino/female/cole/base/bite.png
  artifactKey: Guid(1d14c2fe0e30a5f479fccc035eb422d3) Importer(815301076,1909f56bfc062723c751e8b465ee728b)
Start importing Assets/Art/Free Assets Pack/Character/dino/female/cole/base/bite.png using Guid(1d14c2fe0e30a5f479fccc035eb422d3) Importer(815301076,1909f56bfc062723c751e8b465ee728b) (PreviewImporter) -> (artifact id: 'b00eb502faf940886790e8b104fb3512') in 0.0915946 seconds
Number of updated asset objects reloaded before import = 0Number of asset objects unloaded after import = 5

========================================================================
Received Import Request.
  Time since last request: 0.000039 seconds.
  path: Assets/Art/Free Assets Pack/Character/dino/female/cole/base/kick.png
  artifactKey: Guid(de4cb659052284c43b8858e573d20631) Importer(815301076,1909f56bfc062723c751e8b465ee728b)
Start importing Assets/Art/Free Assets Pack/Character/dino/female/cole/base/kick.png using Guid(de4cb659052284c43b8858e573d20631) Importer(815301076,1909f56bfc062723c751e8b465ee728b) (PreviewImporter) -> (artifact id: 'b03bd72d45926b10dbcbd923a52bf5ca') in 0.0991085 seconds
Number of updated asset objects reloaded before import = 0Number of asset objects unloaded after import = 5

========================================================================
Received Import Request.
  Time since last request: 0.000086 seconds.
  path: Assets/Art/Free Assets Pack/Character/dino/female/cole/base/dash.png
  artifactKey: Guid(cad513e01e0c0c3429a5a77a78a08da3) Importer(815301076,1909f56bfc062723c751e8b465ee728b)
Start importing Assets/Art/Free Assets Pack/Character/dino/female/cole/base/dash.png using Guid(cad513e01e0c0c3429a5a77a78a08da3) Importer(815301076,1909f56bfc062723c751e8b465ee728b) (PreviewImporter) -> (artifact id: 'dd858b161025f0a3083b4fd3fe86ec4f') in 0.0910839 seconds
Number of updated asset objects reloaded before import = 0Number of asset objects unloaded after import = 8

========================================================================
Received Import Request.
  Time since last request: 0.000045 seconds.
  path: Assets/Art/Free Assets Pack/Character/dino/female/cole/base/scan.png
  artifactKey: Guid(f64d56c0e52f0514b9b9a0e812b7356e) Importer(815301076,1909f56bfc062723c751e8b465ee728b)
Start importing Assets/Art/Free Assets Pack/Character/dino/female/cole/base/scan.png using Guid(f64d56c0e52f0514b9b9a0e812b7356e) Importer(815301076,1909f56bfc062723c751e8b465ee728b) (PreviewImporter) -> (artifact id: '5e4f3eb2c4212d8e27d5beee30b0fb0a') in 0.0896021 seconds
Number of updated asset objects reloaded before import = 0Number of asset objects unloaded after import = 8

========================================================================
Received Import Request.
  Time since last request: 0.000068 seconds.
  path: Assets/Art/Free Assets Pack/Character/dino/female/cole/base/jump.png
  artifactKey: Guid(8cf80ad93055cb04f813cd0a5157e247) Importer(815301076,1909f56bfc062723c751e8b465ee728b)
Start importing Assets/Art/Free Assets Pack/Character/dino/female/cole/base/jump.png using Guid(8cf80ad93055cb04f813cd0a5157e247) Importer(815301076,1909f56bfc062723c751e8b465ee728b) (PreviewImporter) -> (artifact id: '17b48fd6c31f1fae3e68620e82cc6a57') in 0.0680161 seconds
Number of updated asset objects reloaded before import = 0Number of asset objects unloaded after import = 6

========================================================================
Received Import Request.
  Time since last request: 298.073224 seconds.
  path: Packages/com.unity.render-pipelines.core/Runtime/Debugging/Prefabs/Widgets/DebugUIBitField.prefab
  artifactKey: Guid(7c78b588b2e1f7c4a86ca4a985cf6e4a) Importer(815301076,1909f56bfc062723c751e8b465ee728b)
Start importing Packages/com.unity.render-pipelines.core/Runtime/Debugging/Prefabs/Widgets/DebugUIBitField.prefab using Guid(7c78b588b2e1f7c4a86ca4a985cf6e4a) Importer(815301076,1909f56bfc062723c751e8b465ee728b) (PreviewImporter) -> (artifact id: '67982cdc33c03dba1767836abfc2b750') in 0.2949794 seconds
Number of updated asset objects reloaded before import = 0Number of asset objects unloaded after import = 612

========================================================================
Received Import Request.
  Time since last request: 0.000054 seconds.
  path: Packages/com.unity.render-pipelines.core/Runtime/Debugging/Prefabs/Widgets/DebugUIEnumHistory.prefab
  artifactKey: Guid(b2da6b27df236b144b3516ed8e7d36ac) Importer(815301076,1909f56bfc062723c751e8b465ee728b)
Start importing Packages/com.unity.render-pipelines.core/Runtime/Debugging/Prefabs/Widgets/DebugUIEnumHistory.prefab using Guid(b2da6b27df236b144b3516ed8e7d36ac) Importer(815301076,1909f56bfc062723c751e8b465ee728b) (PreviewImporter) -> (artifact id: 'c8c2344a708d0d8368e1e89b78ab8797') in 0.0242839 seconds
Number of updated asset objects reloaded before import = 0Number of asset objects unloaded after import = 15

========================================================================
Received Import Request.
  Time since last request: 0.000053 seconds.
  path: Packages/com.unity.render-pipelines.core/Runtime/Debugging/Prefabs/Widgets/DebugUIGroup.prefab
  artifactKey: Guid(38a07789c9e87004dad98c2909f58369) Importer(815301076,1909f56bfc062723c751e8b465ee728b)
Start importing Packages/com.unity.render-pipelines.core/Runtime/Debugging/Prefabs/Widgets/DebugUIGroup.prefab using Guid(38a07789c9e87004dad98c2909f58369) Importer(815301076,1909f56bfc062723c751e8b465ee728b) (PreviewImporter) -> (artifact id: 'c55ad4bd1f9b1c9ac9b12af92c919d00') in 0.0257982 seconds
Number of updated asset objects reloaded before import = 0Number of asset objects unloaded after import = 23

========================================================================
Received Import Request.
  Time since last request: 0.000039 seconds.
  path: Packages/com.unity.render-pipelines.core/Runtime/Debugging/Prefabs/Resources/DebugUIPersistentCanvas.prefab
  artifactKey: Guid(f6b1a0fe75d5009449cf55ae76220e2b) Importer(815301076,1909f56bfc062723c751e8b465ee728b)
Start importing Packages/com.unity.render-pipelines.core/Runtime/Debugging/Prefabs/Resources/DebugUIPersistentCanvas.prefab using Guid(f6b1a0fe75d5009449cf55ae76220e2b) Importer(815301076,1909f56bfc062723c751e8b465ee728b) (PreviewImporter) -> (artifact id: 'cb6ea4bc591801c0652c27aa32e42288') in 0.0421555 seconds
Number of updated asset objects reloaded before import = 0Number of asset objects unloaded after import = 29

========================================================================
Received Import Request.
  Time since last request: 0.000041 seconds.
  path: Packages/com.unity.render-pipelines.core/Runtime/Debugging/Prefabs/Widgets/DebugUIObjectPopupField.prefab
  artifactKey: Guid(48fb043c850cadc4a883b53785e14c6e) Importer(815301076,1909f56bfc062723c751e8b465ee728b)
Start importing Packages/com.unity.render-pipelines.core/Runtime/Debugging/Prefabs/Widgets/DebugUIObjectPopupField.prefab using Guid(48fb043c850cadc4a883b53785e14c6e) Importer(815301076,1909f56bfc062723c751e8b465ee728b) (PreviewImporter) -> (artifact id: '9aaeef818ec65d2f2a6b5fddbe1491f4') in 0.0109945 seconds
Number of updated asset objects reloaded before import = 0Number of asset objects unloaded after import = 27

========================================================================
Received Import Request.
  Time since last request: 0.000053 seconds.
  path: Packages/com.unity.render-pipelines.core/Runtime/Debugging/Prefabs/Widgets/DebugUIMessageBox.prefab
  artifactKey: Guid(10a25524b0986f9488b430e2829bbbe8) Importer(815301076,1909f56bfc062723c751e8b465ee728b)
Start importing Packages/com.unity.render-pipelines.core/Runtime/Debugging/Prefabs/Widgets/DebugUIMessageBox.prefab using Guid(10a25524b0986f9488b430e2829bbbe8) Importer(815301076,1909f56bfc062723c751e8b465ee728b) (PreviewImporter) -> (artifact id: '062aba7abb84d8247bf5cee070196696') in 0.0251529 seconds
Number of updated asset objects reloaded before import = 0Number of asset objects unloaded after import = 15

========================================================================
Received Import Request.
  Time since last request: 0.000040 seconds.
  path: Packages/com.unity.render-pipelines.core/Runtime/Debugging/Prefabs/Widgets/DebugUIRow.prefab
  artifactKey: Guid(2d019437ff89b8d44949727731cd9357) Importer(815301076,1909f56bfc062723c751e8b465ee728b)
Start importing Packages/com.unity.render-pipelines.core/Runtime/Debugging/Prefabs/Widgets/DebugUIRow.prefab using Guid(2d019437ff89b8d44949727731cd9357) Importer(815301076,1909f56bfc062723c751e8b465ee728b) (PreviewImporter) -> (artifact id: '0f1a2156efadb0e657c113b73df4c289') in 0.0271688 seconds
Number of updated asset objects reloaded before import = 0Number of asset objects unloaded after import = 34

========================================================================
Received Import Request.
  Time since last request: 0.000055 seconds.
  path: Packages/com.unity.render-pipelines.core/Runtime/Debugging/Prefabs/Widgets/DebugUIToggleHistory.prefab
  artifactKey: Guid(5088d0220f0c4df439cf06c5c270eacb) Importer(815301076,1909f56bfc062723c751e8b465ee728b)
Start importing Packages/com.unity.render-pipelines.core/Runtime/Debugging/Prefabs/Widgets/DebugUIToggleHistory.prefab using Guid(5088d0220f0c4df439cf06c5c270eacb) Importer(815301076,1909f56bfc062723c751e8b465ee728b) (PreviewImporter) -> (artifact id: '41db8046167a2388f833e4915647de3b') in 0.0262621 seconds
Number of updated asset objects reloaded before import = 0Number of asset objects unloaded after import = 24

========================================================================
Received Import Request.
  Time since last request: 0.000055 seconds.
  path: Packages/com.unity.render-pipelines.core/Runtime/Debugging/Prefabs/Widgets/DebugUIHBox.prefab
  artifactKey: Guid(f7f5e36797cf0c1408561665c67b179b) Importer(815301076,1909f56bfc062723c751e8b465ee728b)
Start importing Packages/com.unity.render-pipelines.core/Runtime/Debugging/Prefabs/Widgets/DebugUIHBox.prefab using Guid(f7f5e36797cf0c1408561665c67b179b) Importer(815301076,1909f56bfc062723c751e8b465ee728b) (PreviewImporter) -> (artifact id: '409640440cdb787b429a5b328990a5c9') in 0.0053013 seconds
Number of updated asset objects reloaded before import = 0Number of asset objects unloaded after import = 8

========================================================================
Received Import Request.
  Time since last request: 0.000034 seconds.
  path: Packages/com.unity.render-pipelines.core/Runtime/Debugging/Prefabs/Widgets/DebugUIFoldout.prefab
  artifactKey: Guid(1c87ab2ce8b8b304d98fbe9a734b1f74) Importer(815301076,1909f56bfc062723c751e8b465ee728b)
Start importing Packages/com.unity.render-pipelines.core/Runtime/Debugging/Prefabs/Widgets/DebugUIFoldout.prefab using Guid(1c87ab2ce8b8b304d98fbe9a734b1f74) Importer(815301076,1909f56bfc062723c751e8b465ee728b) (PreviewImporter) -> (artifact id: 'f7c87b646f3617e8a730bf7abf0a1de4') in 0.0091937 seconds
Number of updated asset objects reloaded before import = 0Number of asset objects unloaded after import = 34

========================================================================
Received Import Request.
  Time since last request: 0.000041 seconds.
  path: Packages/com.unity.render-pipelines.core/Runtime/Debugging/Prefabs/Widgets/DebugUIProgressBar.prefab
  artifactKey: Guid(d3770aaa3bbd8384aabab9ddd383e21e) Importer(815301076,1909f56bfc062723c751e8b465ee728b)
Start importing Packages/com.unity.render-pipelines.core/Runtime/Debugging/Prefabs/Widgets/DebugUIProgressBar.prefab using Guid(d3770aaa3bbd8384aabab9ddd383e21e) Importer(815301076,1909f56bfc062723c751e8b465ee728b) (PreviewImporter) -> (artifact id: 'f095d25f21e57d613ef084c3374f6a22') in 0.0088113 seconds
Number of updated asset objects reloaded before import = 0Number of asset objects unloaded after import = 22

========================================================================
Received Import Request.
  Time since last request: 0.000056 seconds.
  path: Packages/com.unity.render-pipelines.core/Runtime/Debugging/Prefabs/Widgets/DebugUIFloatField.prefab
  artifactKey: Guid(d8c744701b43c864b88e7f8144e19bc5) Importer(815301076,1909f56bfc062723c751e8b465ee728b)
Start importing Packages/com.unity.render-pipelines.core/Runtime/Debugging/Prefabs/Widgets/DebugUIFloatField.prefab using Guid(d8c744701b43c864b88e7f8144e19bc5) Importer(815301076,1909f56bfc062723c751e8b465ee728b) (PreviewImporter) -> (artifact id: '7953b110b18228d6679c28d38d44b5ec') in 0.0070963 seconds
Number of updated asset objects reloaded before import = 0Number of asset objects unloaded after import = 37

========================================================================
Received Import Request.
  Time since last request: 0.000036 seconds.
  path: Packages/com.unity.render-pipelines.core/Runtime/Debugging/Prefabs/Widgets/DebugUIButton.prefab
  artifactKey: Guid(f6ce33b91f6ffe54cadacbf4bb112440) Importer(815301076,1909f56bfc062723c751e8b465ee728b)
Start importing Packages/com.unity.render-pipelines.core/Runtime/Debugging/Prefabs/Widgets/DebugUIButton.prefab using Guid(f6ce33b91f6ffe54cadacbf4bb112440) Importer(815301076,1909f56bfc062723c751e8b465ee728b) (PreviewImporter) -> (artifact id: 'f9d2de317691dcd68ca85aa01a04af95') in 0.0073908 seconds
Number of updated asset objects reloaded before import = 0Number of asset objects unloaded after import = 15

========================================================================
Received Import Request.
  Time since last request: 0.000035 seconds.
  path: Packages/com.unity.render-pipelines.core/Runtime/Debugging/Prefabs/Widgets/DebugUIEnumField.prefab
  artifactKey: Guid(988db55689193434fb0b3b89538f978f) Importer(815301076,1909f56bfc062723c751e8b465ee728b)
Start importing Packages/com.unity.render-pipelines.core/Runtime/Debugging/Prefabs/Widgets/DebugUIEnumField.prefab using Guid(988db55689193434fb0b3b89538f978f) Importer(815301076,1909f56bfc062723c751e8b465ee728b) (PreviewImporter) -> (artifact id: '9d1b45194ec068358fcdafaca8cb3889') in 0.0068059 seconds
Number of updated asset objects reloaded before import = 0Number of asset objects unloaded after import = 27

========================================================================
Received Import Request.
  Time since last request: 0.000039 seconds.
  path: Packages/com.unity.render-pipelines.core/Runtime/Debugging/Prefabs/Resources/DebugUICanvas.prefab
  artifactKey: Guid(cf6cbdd672089a84796e55a21fed1cbe) Importer(815301076,1909f56bfc062723c751e8b465ee728b)
Start importing Packages/com.unity.render-pipelines.core/Runtime/Debugging/Prefabs/Resources/DebugUICanvas.prefab using Guid(cf6cbdd672089a84796e55a21fed1cbe) Importer(815301076,1909f56bfc062723c751e8b465ee728b) (PreviewImporter) -> (artifact id: '2e011faf766434ceedb03457830d51bd') in 0.2159099 seconds
Number of updated asset objects reloaded before import = 0Number of asset objects unloaded after import = 1965

========================================================================
Received Import Request.
  Time since last request: 1.422026 seconds.
  path: Packages/com.unity.render-pipelines.core/Runtime/Debugging/Prefabs/Widgets/DebugUIValue.prefab
  artifactKey: Guid(dc0f88987826e6e48b1fe9c7c2b53a53) Importer(815301076,1909f56bfc062723c751e8b465ee728b)
Start importing Packages/com.unity.render-pipelines.core/Runtime/Debugging/Prefabs/Widgets/DebugUIValue.prefab using Guid(dc0f88987826e6e48b1fe9c7c2b53a53) Importer(815301076,1909f56bfc062723c751e8b465ee728b) (PreviewImporter) -> (artifact id: 'e300d45e39fef116e4d1646621796c4f') in 0.2931551 seconds
Number of updated asset objects reloaded before import = 0Number of asset objects unloaded after import = 15

========================================================================
Received Import Request.
  Time since last request: 0.000053 seconds.
  path: Packages/com.unity.render-pipelines.core/Runtime/Debugging/Prefabs/Widgets/DebugUIValuePersistent.prefab
  artifactKey: Guid(8778e6b26b51c6a4999b94d7cacd8b5d) Importer(815301076,1909f56bfc062723c751e8b465ee728b)
Start importing Packages/com.unity.render-pipelines.core/Runtime/Debugging/Prefabs/Widgets/DebugUIValuePersistent.prefab using Guid(8778e6b26b51c6a4999b94d7cacd8b5d) Importer(815301076,1909f56bfc062723c751e8b465ee728b) (PreviewImporter) -> (artifact id: 'eba1ad8c339e186139f5d4b63891bc10') in 0.0092502 seconds
Number of updated asset objects reloaded before import = 0Number of asset objects unloaded after import = 15

========================================================================
Received Import Request.
  Time since last request: 0.000073 seconds.
  path: Packages/com.unity.render-pipelines.core/Runtime/Debugging/Prefabs/Widgets/DebugUIVector4.prefab
  artifactKey: Guid(d47f009476100f545971a81ede14c750) Importer(815301076,1909f56bfc062723c751e8b465ee728b)
Start importing Packages/com.unity.render-pipelines.core/Runtime/Debugging/Prefabs/Widgets/DebugUIVector4.prefab using Guid(d47f009476100f545971a81ede14c750) Importer(815301076,1909f56bfc062723c751e8b465ee728b) (PreviewImporter) -> (artifact id: '7ca318bffcaa457e44af8ccc03f6d35a') in 0.0157252 seconds
Number of updated asset objects reloaded before import = 0Number of asset objects unloaded after import = 78

========================================================================
Received Import Request.
  Time since last request: 0.000052 seconds.
  path: Packages/com.unity.render-pipelines.core/Runtime/Debugging/Prefabs/Widgets/DebugUIVBox.prefab
  artifactKey: Guid(ca3e294656861a64b8aeeb9f916da0a9) Importer(815301076,1909f56bfc062723c751e8b465ee728b)
Start importing Packages/com.unity.render-pipelines.core/Runtime/Debugging/Prefabs/Widgets/DebugUIVBox.prefab using Guid(ca3e294656861a64b8aeeb9f916da0a9) Importer(815301076,1909f56bfc062723c751e8b465ee728b) (PreviewImporter) -> (artifact id: 'f7d313a0392a8329c0847bef1ab14f14') in 0.0055282 seconds
Number of updated asset objects reloaded before import = 0Number of asset objects unloaded after import = 8

========================================================================
Received Import Request.
  Time since last request: 0.000050 seconds.
  path: Packages/com.unity.2d.spriteshape/Editor/ObjectMenuCreation/DefaultAssets/Sprite Shapes/Open Sprite Shape.prefab
  artifactKey: Guid(86ae7de409eb54f619fb1328e4d42480) Importer(815301076,1909f56bfc062723c751e8b465ee728b)
Start importing Packages/com.unity.2d.spriteshape/Editor/ObjectMenuCreation/DefaultAssets/Sprite Shapes/Open Sprite Shape.prefab using Guid(86ae7de409eb54f619fb1328e4d42480) Importer(815301076,1909f56bfc062723c751e8b465ee728b) (PreviewImporter) -> (artifact id: 'ed4565e9cf97f9f4e59691b085fa83f0') in 1.4112058 seconds
Number of updated asset objects reloaded before import = 0Number of asset objects unloaded after import = 15

========================================================================
Received Import Request.
  Time since last request: 0.000084 seconds.
  path: Assets/Prefabs/Enemy/Hamburger.prefab
  artifactKey: Guid(5ee875769560bb549ab2243307463477) Importer(815301076,1909f56bfc062723c751e8b465ee728b)
Start importing Assets/Prefabs/Enemy/Hamburger.prefab using Guid(5ee875769560bb549ab2243307463477) Importer(815301076,1909f56bfc062723c751e8b465ee728b) (PreviewImporter)Asset 'Hamburger': Transition 'AnyState -> HamburgerWalkRight' in state 'AnyState' doesn't have an Exit Time or any condition, transition will be ignored
UnityEngine.Debug:ExtractStackTraceNoAlloc (byte*,int,string)
UnityEngine.StackTraceUtility:ExtractStackTrace ()
UnityEditor.EditorUtility:Internal_InstantiateRemoveAllNonAnimationComponentsSingle (UnityEngine.Object,UnityEngine.Vector3,UnityEngine.Quaternion)
UnityEditor.EditorUtility:InstantiateRemoveAllNonAnimationComponents (UnityEngine.Object,UnityEngine.Vector3,UnityEngine.Quaternion)
UnityEditor.EditorUtility:InstantiateForAnimatorPreview (UnityEngine.Object)
UnityEditor.GameObjectInspector/PreviewData:UpdateGameObject (UnityEngine.Object)
UnityEditor.GameObjectInspector/PreviewData:.ctor (UnityEngine.Object,bool)
UnityEditor.GameObjectInspector:GetPreviewData (bool)
UnityEditor.GameObjectInspector:RenderStaticPreview (string,UnityEngine.Object[],int,int)
UnityEditor.AssetPreviewUpdater:CreatePreview (UnityEngine.Object,UnityEngine.Object[],string,int,int)
UnityEditor.AssetPreviewUpdater:CreatePreviewForAsset (UnityEngine.Object,UnityEngine.Object[],string)

[C:\build\output\unity\unity\Editor\Src\Animation\StateMachine.cpp line 1862]

 -> (artifact id: 'b82ecfc66602349c52359e06c6d387f9') in 0.1647815 seconds
Number of updated asset objects reloaded before import = 0Number of asset objects unloaded after import = 38

========================================================================
Received Import Request.
  Time since last request: 0.000058 seconds.
  path: Assets/Art/Palettes/TilePalette02.prefab
  artifactKey: Guid(bd54e4d17d6b61b45a71008e947a7d65) Importer(815301076,1909f56bfc062723c751e8b465ee728b)
Start importing Assets/Art/Palettes/TilePalette02.prefab using Guid(bd54e4d17d6b61b45a71008e947a7d65) Importer(815301076,1909f56bfc062723c751e8b465ee728b) (PreviewImporter) -> (artifact id: 'ca27a7a2c93a5a68bfe8c598583dd2cd') in 2.6439226 seconds
Number of updated asset objects reloaded before import = 0Number of asset objects unloaded after import = 273

========================================================================
Received Import Request.
  Time since last request: 76.241157 seconds.
  path: Assets/Art/Free Assets Pack/Character/dino/female/cole/base/avoid.png
  artifactKey: Guid(0f6bc69b1d26b824991b06c5e75a6f8a) Importer(815301076,1909f56bfc062723c751e8b465ee728b)
Start importing Assets/Art/Free Assets Pack/Character/dino/female/cole/base/avoid.png using Guid(0f6bc69b1d26b824991b06c5e75a6f8a) Importer(815301076,1909f56bfc062723c751e8b465ee728b) (PreviewImporter) -> (artifact id: '604bba60bd2506a15721ba6080bad621') in 0.1090035 seconds
Number of updated asset objects reloaded before import = 0Number of asset objects unloaded after import = 5

========================================================================
Received Import Request.
  Time since last request: 0.000068 seconds.
  path: Assets/Art/Free Assets Pack/Character/dino/female/cole/base/kick.png
  artifactKey: Guid(de4cb659052284c43b8858e573d20631) Importer(815301076,1909f56bfc062723c751e8b465ee728b)
Start importing Assets/Art/Free Assets Pack/Character/dino/female/cole/base/kick.png using Guid(de4cb659052284c43b8858e573d20631) Importer(815301076,1909f56bfc062723c751e8b465ee728b) (PreviewImporter) -> (artifact id: 'c2fb4ee26a517c239957f1f7d7433642') in 0.1032876 seconds
Number of updated asset objects reloaded before import = 0Number of asset objects unloaded after import = 5

========================================================================
Received Import Request.
  Time since last request: 0.000071 seconds.
  path: Assets/Art/Free Assets Pack/Character/dino/female/cole/base/bite.png
  artifactKey: Guid(1d14c2fe0e30a5f479fccc035eb422d3) Importer(815301076,1909f56bfc062723c751e8b465ee728b)
Start importing Assets/Art/Free Assets Pack/Character/dino/female/cole/base/bite.png using Guid(1d14c2fe0e30a5f479fccc035eb422d3) Importer(815301076,1909f56bfc062723c751e8b465ee728b) (PreviewImporter) -> (artifact id: 'a858401363f4f0ff76fbb9c72423353f') in 0.0629212 seconds
Number of updated asset objects reloaded before import = 0Number of asset objects unloaded after import = 5

========================================================================
Received Import Request.
  Time since last request: 0.000067 seconds.
  path: Assets/Art/Free Assets Pack/Character/dino/female/cole/base/scan.png
  artifactKey: Guid(f64d56c0e52f0514b9b9a0e812b7356e) Importer(815301076,1909f56bfc062723c751e8b465ee728b)
Start importing Assets/Art/Free Assets Pack/Character/dino/female/cole/base/scan.png using Guid(f64d56c0e52f0514b9b9a0e812b7356e) Importer(815301076,1909f56bfc062723c751e8b465ee728b) (PreviewImporter) -> (artifact id: '9a20a98f07e16f4f09b0521f526139ee') in 0.0928916 seconds
Number of updated asset objects reloaded before import = 0Number of asset objects unloaded after import = 8

========================================================================
Received Import Request.
  Time since last request: 0.000072 seconds.
  path: Assets/Art/Free Assets Pack/Character/dino/female/cole/base/jump.png
  artifactKey: Guid(8cf80ad93055cb04f813cd0a5157e247) Importer(815301076,1909f56bfc062723c751e8b465ee728b)
Start importing Assets/Art/Free Assets Pack/Character/dino/female/cole/base/jump.png using Guid(8cf80ad93055cb04f813cd0a5157e247) Importer(815301076,1909f56bfc062723c751e8b465ee728b) (PreviewImporter) -> (artifact id: '55891a0acdad397806c5266474b1456d') in 0.0726764 seconds
Number of updated asset objects reloaded before import = 0Number of asset objects unloaded after import = 6

========================================================================
Received Prepare
'Packages/com.unity.cinemachine/Editor/Obsolete/CinemachineVirtualCameraBaseEditor.cs' contains partial class of Unity.Object, exactly 1 of the partial classes needs to be in a file with the same filename. This is to know the one that can be referenced from ie. GameObjects
'Packages/com.unity.cinemachine/Editor/Editors/CinemachineVirtualCameraBaseEditor.cs' contains partial class of Unity.Object, exactly 1 of the partial classes needs to be in a file with the same filename. This is to know the one that can be referenced from ie. GameObjects
Refreshing native plugins compatible for Editor in 10.64 ms, found 4 plugins.
Preloading 0 native plugins for Editor in 0.00 ms.
Unloading 37 Unused Serialized files (Serialized files now loaded: 0)
Unloading 7016 unused Assets / (7.7 MB). Loaded Objects now: 7869.
Memory consumption went from 157.5 MB to 149.8 MB.
Total: 144.998800 ms (FindLiveObjects: 3.425100 ms CreateObjectMapping: 2.605200 ms MarkObjects: 124.382500 ms  DeleteObjects: 14.581400 ms)

Prepare: number of updated asset objects reloaded= 0
========================================================================
Received Prepare
'Packages/com.unity.cinemachine/Editor/Obsolete/CinemachineVirtualCameraBaseEditor.cs' contains partial class of Unity.Object, exactly 1 of the partial classes needs to be in a file with the same filename. This is to know the one that can be referenced from ie. GameObjects
'Packages/com.unity.cinemachine/Editor/Editors/CinemachineVirtualCameraBaseEditor.cs' contains partial class of Unity.Object, exactly 1 of the partial classes needs to be in a file with the same filename. This is to know the one that can be referenced from ie. GameObjects
Refreshing native plugins compatible for Editor in 7.29 ms, found 4 plugins.
Preloading 0 native plugins for Editor in 0.00 ms.
Unloading 37 Unused Serialized files (Serialized files now loaded: 0)
Unloading 7015 unused Assets / (8.5 MB). Loaded Objects now: 7869.
Memory consumption went from 159.4 MB to 150.9 MB.
Total: 41.074600 ms (FindLiveObjects: 2.304900 ms CreateObjectMapping: 3.802800 ms MarkObjects: 19.076800 ms  DeleteObjects: 15.886400 ms)

Prepare: number of updated asset objects reloaded= 0
========================================================================
Received Prepare
'Packages/com.unity.cinemachine/Editor/Obsolete/CinemachineVirtualCameraBaseEditor.cs' contains partial class of Unity.Object, exactly 1 of the partial classes needs to be in a file with the same filename. This is to know the one that can be referenced from ie. GameObjects
'Packages/com.unity.cinemachine/Editor/Editors/CinemachineVirtualCameraBaseEditor.cs' contains partial class of Unity.Object, exactly 1 of the partial classes needs to be in a file with the same filename. This is to know the one that can be referenced from ie. GameObjects
Refreshing native plugins compatible for Editor in 9.62 ms, found 4 plugins.
Preloading 0 native plugins for Editor in 0.00 ms.
Unloading 37 Unused Serialized files (Serialized files now loaded: 0)
Unloading 7015 unused Assets / (8.5 MB). Loaded Objects now: 7869.
Memory consumption went from 161.2 MB to 152.7 MB.
Total: 42.426200 ms (FindLiveObjects: 2.028700 ms CreateObjectMapping: 3.384000 ms MarkObjects: 20.499100 ms  DeleteObjects: 16.511000 ms)

Prepare: number of updated asset objects reloaded= 0
========================================================================
Received Prepare
'Packages/com.unity.cinemachine/Editor/Obsolete/CinemachineVirtualCameraBaseEditor.cs' contains partial class of Unity.Object, exactly 1 of the partial classes needs to be in a file with the same filename. This is to know the one that can be referenced from ie. GameObjects
'Packages/com.unity.cinemachine/Editor/Editors/CinemachineVirtualCameraBaseEditor.cs' contains partial class of Unity.Object, exactly 1 of the partial classes needs to be in a file with the same filename. This is to know the one that can be referenced from ie. GameObjects
Refreshing native plugins compatible for Editor in 8.02 ms, found 4 plugins.
Preloading 0 native plugins for Editor in 0.00 ms.
Unloading 37 Unused Serialized files (Serialized files now loaded: 0)
Unloading 7015 unused Assets / (8.0 MB). Loaded Objects now: 7869.
Memory consumption went from 163.0 MB to 154.9 MB.
Total: 43.273800 ms (FindLiveObjects: 1.832100 ms CreateObjectMapping: 2.379500 ms MarkObjects: 20.804100 ms  DeleteObjects: 18.254300 ms)

Prepare: number of updated asset objects reloaded= 0
========================================================================
Received Prepare
Assembly reference Packages/com.unity.cinemachine/Editor/Samples/ExposeHDRPInternals/HDRP-Editor-ref.asmref has no target assembly definition
Assembly reference Packages/com.unity.cinemachine/Editor/Samples/ExposeHDRPInternals/HDRP-Editor-ref.asmref has no target assembly definition
Begin MonoManager ReloadAssembly
- Loaded All Assemblies, in  3.130 seconds
Assembly reference Packages/com.unity.cinemachine/Editor/Samples/ExposeHDRPInternals/HDRP-Editor-ref.asmref has no target assembly definition
'Packages/com.unity.cinemachine/Editor/Obsolete/CinemachineVirtualCameraBaseEditor.cs' contains partial class of Unity.Object, exactly 1 of the partial classes needs to be in a file with the same filename. This is to know the one that can be referenced from ie. GameObjects
'Packages/com.unity.cinemachine/Editor/Editors/CinemachineVirtualCameraBaseEditor.cs' contains partial class of Unity.Object, exactly 1 of the partial classes needs to be in a file with the same filename. This is to know the one that can be referenced from ie. GameObjects
Refreshing native plugins compatible for Editor in 6.99 ms, found 4 plugins.
Native extension for WindowsStandalone target not found
Native extension for WebGL target not found
Assembly reference Packages/com.unity.cinemachine/Editor/Samples/ExposeHDRPInternals/HDRP-Editor-ref.asmref has no target assembly definition
[Package Manager] Failed to launch server process. Reason: Unity was launched with the -noUpm command-line argument
[Package Manager] Unable to send message (not connected to server process).
[Package Manager] Cannot connect to Unity Package Manager local server
Mono: successfully reloaded assembly
- Finished resetting the current domain, in  4.016 seconds
Domain Reload Profiling: 7155ms
	BeginReloadAssembly (1088ms)
		ExecutionOrderSort (0ms)
		DisableScriptedObjects (135ms)
		BackupInstance (0ms)
		ReleaseScriptingObjects (1ms)
		CreateAndSetChildDomain (310ms)
	RebuildCommonClasses (131ms)
	RebuildNativeTypeToScriptingClass (30ms)
	initialDomainReloadingComplete (82ms)
	LoadAllAssembliesAndSetupDomain (1806ms)
		LoadAssemblies (1474ms)
		RebuildTransferFunctionScriptingTraits (0ms)
		AnalyzeDomain (772ms)
			TypeCache.Refresh (30ms)
				TypeCache.ScanAssembly (1ms)
			BuildScriptInfoCaches (682ms)
			ResolveRequiredComponents (39ms)
	FinalizeReload (4018ms)
		ReleaseScriptCaches (0ms)
		RebuildScriptCaches (0ms)
		SetupLoadedEditorAssemblies (3364ms)
			LogAssemblyErrors (0ms)
			InitializePlatformSupportModulesInManaged (8ms)
			SetLoadedEditorAssemblies (18ms)
			BeforeProcessingInitializeOnLoad (808ms)
			ProcessInitializeOnLoadAttributes (2321ms)
			ProcessInitializeOnLoadMethodAttributes (205ms)
			AfterProcessingInitializeOnLoad (4ms)
			EditorAssembliesLoaded (1ms)
		ExecutionOrderSort2 (0ms)
		AwakeInstancesAfterBackupRestoration (40ms)
Refreshing native plugins compatible for Editor in 6.78 ms, found 4 plugins.
Preloading 0 native plugins for Editor in 0.00 ms.
Unloading 37 Unused Serialized files (Serialized files now loaded: 0)
Unloading 7026 unused Assets / (8.4 MB). Loaded Objects now: 7770.
Memory consumption went from 166.7 MB to 158.3 MB.
Total: 33.606500 ms (FindLiveObjects: 1.917800 ms CreateObjectMapping: 2.800500 ms MarkObjects: 14.286700 ms  DeleteObjects: 14.597600 ms)

Prepare: number of updated asset objects reloaded= 0
========================================================================
Received Prepare
'Packages/com.unity.cinemachine/Editor/Obsolete/CinemachineVirtualCameraBaseEditor.cs' contains partial class of Unity.Object, exactly 1 of the partial classes needs to be in a file with the same filename. This is to know the one that can be referenced from ie. GameObjects
'Packages/com.unity.cinemachine/Editor/Editors/CinemachineVirtualCameraBaseEditor.cs' contains partial class of Unity.Object, exactly 1 of the partial classes needs to be in a file with the same filename. This is to know the one that can be referenced from ie. GameObjects
Refreshing native plugins compatible for Editor in 5.34 ms, found 4 plugins.
Preloading 0 native plugins for Editor in 0.00 ms.
Unloading 37 Unused Serialized files (Serialized files now loaded: 0)
Unloading 7015 unused Assets / (7.6 MB). Loaded Objects now: 7770.
Memory consumption went from 168.5 MB to 160.9 MB.
Total: 25.614100 ms (FindLiveObjects: 1.738500 ms CreateObjectMapping: 2.100800 ms MarkObjects: 11.448800 ms  DeleteObjects: 10.322600 ms)

Prepare: number of updated asset objects reloaded= 0
========================================================================
Received Prepare
Assembly reference Packages/com.unity.cinemachine/Editor/Samples/ExposeHDRPInternals/HDRP-Editor-ref.asmref has no target assembly definition
Assembly reference Packages/com.unity.cinemachine/Editor/Samples/ExposeHDRPInternals/HDRP-Editor-ref.asmref has no target assembly definition
Begin MonoManager ReloadAssembly
- Loaded All Assemblies, in  2.376 seconds
Assembly reference Packages/com.unity.cinemachine/Editor/Samples/ExposeHDRPInternals/HDRP-Editor-ref.asmref has no target assembly definition
'Packages/com.unity.cinemachine/Editor/Obsolete/CinemachineVirtualCameraBaseEditor.cs' contains partial class of Unity.Object, exactly 1 of the partial classes needs to be in a file with the same filename. This is to know the one that can be referenced from ie. GameObjects
'Packages/com.unity.cinemachine/Editor/Editors/CinemachineVirtualCameraBaseEditor.cs' contains partial class of Unity.Object, exactly 1 of the partial classes needs to be in a file with the same filename. This is to know the one that can be referenced from ie. GameObjects
Refreshing native plugins compatible for Editor in 8.10 ms, found 4 plugins.
Native extension for WindowsStandalone target not found
Native extension for WebGL target not found
Assembly reference Packages/com.unity.cinemachine/Editor/Samples/ExposeHDRPInternals/HDRP-Editor-ref.asmref has no target assembly definition
[Package Manager] Failed to launch server process. Reason: Unity was launched with the -noUpm command-line argument
[Package Manager] Unable to send message (not connected to server process).
[Package Manager] Cannot connect to Unity Package Manager local server
Mono: successfully reloaded assembly
- Finished resetting the current domain, in  2.021 seconds
Domain Reload Profiling: 4400ms
	BeginReloadAssembly (664ms)
		ExecutionOrderSort (0ms)
		DisableScriptedObjects (48ms)
		BackupInstance (0ms)
		ReleaseScriptingObjects (0ms)
		CreateAndSetChildDomain (143ms)
	RebuildCommonClasses (109ms)
	RebuildNativeTypeToScriptingClass (33ms)
	initialDomainReloadingComplete (92ms)
	LoadAllAssembliesAndSetupDomain (1479ms)
		LoadAssemblies (1279ms)
		RebuildTransferFunctionScriptingTraits (0ms)
		AnalyzeDomain (578ms)
			TypeCache.Refresh (17ms)
				TypeCache.ScanAssembly (0ms)
			BuildScriptInfoCaches (519ms)
			ResolveRequiredComponents (32ms)
	FinalizeReload (2022ms)
		ReleaseScriptCaches (0ms)
		RebuildScriptCaches (0ms)
		SetupLoadedEditorAssemblies (1446ms)
			LogAssemblyErrors (0ms)
			InitializePlatformSupportModulesInManaged (6ms)
			SetLoadedEditorAssemblies (13ms)
			BeforeProcessingInitializeOnLoad (315ms)
			ProcessInitializeOnLoadAttributes (948ms)
			ProcessInitializeOnLoadMethodAttributes (161ms)
			AfterProcessingInitializeOnLoad (3ms)
			EditorAssembliesLoaded (1ms)
		ExecutionOrderSort2 (0ms)
		AwakeInstancesAfterBackupRestoration (30ms)
Refreshing native plugins compatible for Editor in 4.99 ms, found 4 plugins.
Preloading 0 native plugins for Editor in 0.00 ms.
Unloading 37 Unused Serialized files (Serialized files now loaded: 0)
Unloading 7026 unused Assets / (8.6 MB). Loaded Objects now: 7772.
Memory consumption went from 170.0 MB to 161.4 MB.
Total: 27.793600 ms (FindLiveObjects: 1.786900 ms CreateObjectMapping: 2.492300 ms MarkObjects: 11.603200 ms  DeleteObjects: 11.908200 ms)

Prepare: number of updated asset objects reloaded= 0
========================================================================
Received Prepare
'Packages/com.unity.cinemachine/Editor/Obsolete/CinemachineVirtualCameraBaseEditor.cs' contains partial class of Unity.Object, exactly 1 of the partial classes needs to be in a file with the same filename. This is to know the one that can be referenced from ie. GameObjects
'Packages/com.unity.cinemachine/Editor/Editors/CinemachineVirtualCameraBaseEditor.cs' contains partial class of Unity.Object, exactly 1 of the partial classes needs to be in a file with the same filename. This is to know the one that can be referenced from ie. GameObjects
Refreshing native plugins compatible for Editor in 6.22 ms, found 4 plugins.
Preloading 0 native plugins for Editor in 0.00 ms.
Unloading 37 Unused Serialized files (Serialized files now loaded: 0)
Unloading 7015 unused Assets / (7.9 MB). Loaded Objects now: 7772.
Memory consumption went from 172.0 MB to 164.0 MB.
Total: 34.762800 ms (FindLiveObjects: 1.939100 ms CreateObjectMapping: 3.743900 ms MarkObjects: 16.314500 ms  DeleteObjects: 12.761700 ms)

Prepare: number of updated asset objects reloaded= 0
========================================================================
Received Prepare
Assembly reference Packages/com.unity.cinemachine/Editor/Samples/ExposeHDRPInternals/HDRP-Editor-ref.asmref has no target assembly definition
Assembly reference Packages/com.unity.cinemachine/Editor/Samples/ExposeHDRPInternals/HDRP-Editor-ref.asmref has no target assembly definition
Begin MonoManager ReloadAssembly
- Loaded All Assemblies, in  2.557 seconds
Assembly reference Packages/com.unity.cinemachine/Editor/Samples/ExposeHDRPInternals/HDRP-Editor-ref.asmref has no target assembly definition
'Packages/com.unity.cinemachine/Editor/Obsolete/CinemachineVirtualCameraBaseEditor.cs' contains partial class of Unity.Object, exactly 1 of the partial classes needs to be in a file with the same filename. This is to know the one that can be referenced from ie. GameObjects
'Packages/com.unity.cinemachine/Editor/Editors/CinemachineVirtualCameraBaseEditor.cs' contains partial class of Unity.Object, exactly 1 of the partial classes needs to be in a file with the same filename. This is to know the one that can be referenced from ie. GameObjects
Refreshing native plugins compatible for Editor in 7.54 ms, found 4 plugins.
Native extension for WindowsStandalone target not found
Native extension for WebGL target not found
Assembly reference Packages/com.unity.cinemachine/Editor/Samples/ExposeHDRPInternals/HDRP-Editor-ref.asmref has no target assembly definition
[Package Manager] Failed to launch server process. Reason: Unity was launched with the -noUpm command-line argument
[Package Manager] Unable to send message (not connected to server process).
[Package Manager] Cannot connect to Unity Package Manager local server
Mono: successfully reloaded assembly
- Finished resetting the current domain, in  2.544 seconds
Domain Reload Profiling: 5108ms
	BeginReloadAssembly (760ms)
		ExecutionOrderSort (0ms)
		DisableScriptedObjects (52ms)
		BackupInstance (0ms)
		ReleaseScriptingObjects (1ms)
		CreateAndSetChildDomain (195ms)
	RebuildCommonClasses (134ms)
	RebuildNativeTypeToScriptingClass (42ms)
	initialDomainReloadingComplete (86ms)
	LoadAllAssembliesAndSetupDomain (1540ms)
		LoadAssemblies (1216ms)
		RebuildTransferFunctionScriptingTraits (0ms)
		AnalyzeDomain (724ms)
			TypeCache.Refresh (21ms)
				TypeCache.ScanAssembly (1ms)
			BuildScriptInfoCaches (662ms)
			ResolveRequiredComponents (30ms)
	FinalizeReload (2546ms)
		ReleaseScriptCaches (0ms)
		RebuildScriptCaches (0ms)
		SetupLoadedEditorAssemblies (1836ms)
			LogAssemblyErrors (0ms)
			InitializePlatformSupportModulesInManaged (8ms)
			SetLoadedEditorAssemblies (20ms)
			BeforeProcessingInitializeOnLoad (421ms)
			ProcessInitializeOnLoadAttributes (1183ms)
			ProcessInitializeOnLoadMethodAttributes (198ms)
			AfterProcessingInitializeOnLoad (5ms)
			EditorAssembliesLoaded (1ms)
		ExecutionOrderSort2 (0ms)
		AwakeInstancesAfterBackupRestoration (39ms)
Refreshing native plugins compatible for Editor in 6.02 ms, found 4 plugins.
Preloading 0 native plugins for Editor in 0.00 ms.
Unloading 37 Unused Serialized files (Serialized files now loaded: 0)
Unloading 7026 unused Assets / (7.7 MB). Loaded Objects now: 7774.
Memory consumption went from 173.6 MB to 165.9 MB.
Total: 31.781000 ms (FindLiveObjects: 2.245800 ms CreateObjectMapping: 2.614500 ms MarkObjects: 14.406000 ms  DeleteObjects: 12.511500 ms)

Prepare: number of updated asset objects reloaded= 0
========================================================================
Received Import Request.
  Time since last request: 4480.783566 seconds.
  path: Assets/Art/Free Assets Pack/Items/coin2_16x16.png
  artifactKey: Guid(39becf8b9b228c64bb8beb07759788a6) Importer(815301076,1909f56bfc062723c751e8b465ee728b)
Start importing Assets/Art/Free Assets Pack/Items/coin2_16x16.png using Guid(39becf8b9b228c64bb8beb07759788a6) Importer(815301076,1909f56bfc062723c751e8b465ee728b) (PreviewImporter) -> (artifact id: '48d925c0ffa30c00580693db76742cc0') in 0.4292381 seconds
Number of updated asset objects reloaded before import = 0Number of asset objects unloaded after import = 16

========================================================================
Received Import Request.
  Time since last request: 0.000047 seconds.
  path: Assets/Art/Free Assets Pack/Items/coin3_20x20.png
  artifactKey: Guid(9e98bf356389a2644b9a24970a913ff5) Importer(815301076,1909f56bfc062723c751e8b465ee728b)
Start importing Assets/Art/Free Assets Pack/Items/coin3_20x20.png using Guid(9e98bf356389a2644b9a24970a913ff5) Importer(815301076,1909f56bfc062723c751e8b465ee728b) (PreviewImporter) -> (artifact id: '27dfb61d8c6c8943966f0570a4dfa747') in 0.1501963 seconds
Number of updated asset objects reloaded before import = 0Number of asset objects unloaded after import = 11

========================================================================
Received Import Request.
  Time since last request: 0.000069 seconds.
  path: Assets/Art/Free Assets Pack/Items/coin4_16x16.png
  artifactKey: Guid(a607b1e622d23af4a87723a109a67707) Importer(815301076,1909f56bfc062723c751e8b465ee728b)
Start importing Assets/Art/Free Assets Pack/Items/coin4_16x16.png using Guid(a607b1e622d23af4a87723a109a67707) Importer(815301076,1909f56bfc062723c751e8b465ee728b) (PreviewImporter) -> (artifact id: 'eb1a454ddab919e3cc38e4b947480184') in 0.1216911 seconds
Number of updated asset objects reloaded before import = 0Number of asset objects unloaded after import = 10

========================================================================
Received Prepare
Assembly reference Packages/com.unity.cinemachine/Editor/Samples/ExposeHDRPInternals/HDRP-Editor-ref.asmref has no target assembly definition
Assembly reference Packages/com.unity.cinemachine/Editor/Samples/ExposeHDRPInternals/HDRP-Editor-ref.asmref has no target assembly definition
Begin MonoManager ReloadAssembly
- Loaded All Assemblies, in  2.059 seconds
Assembly reference Packages/com.unity.cinemachine/Editor/Samples/ExposeHDRPInternals/HDRP-Editor-ref.asmref has no target assembly definition
'Packages/com.unity.cinemachine/Editor/Obsolete/CinemachineVirtualCameraBaseEditor.cs' contains partial class of Unity.Object, exactly 1 of the partial classes needs to be in a file with the same filename. This is to know the one that can be referenced from ie. GameObjects
'Packages/com.unity.cinemachine/Editor/Editors/CinemachineVirtualCameraBaseEditor.cs' contains partial class of Unity.Object, exactly 1 of the partial classes needs to be in a file with the same filename. This is to know the one that can be referenced from ie. GameObjects
Refreshing native plugins compatible for Editor in 5.76 ms, found 4 plugins.
Native extension for WindowsStandalone target not found
Native extension for WebGL target not found
Assembly reference Packages/com.unity.cinemachine/Editor/Samples/ExposeHDRPInternals/HDRP-Editor-ref.asmref has no target assembly definition
[Package Manager] Failed to launch server process. Reason: Unity was launched with the -noUpm command-line argument
[Package Manager] Unable to send message (not connected to server process).
[Package Manager] Cannot connect to Unity Package Manager local server
Mono: successfully reloaded assembly
- Finished resetting the current domain, in  2.273 seconds
Domain Reload Profiling: 4336ms
	BeginReloadAssembly (597ms)
		ExecutionOrderSort (0ms)
		DisableScriptedObjects (33ms)
		BackupInstance (0ms)
		ReleaseScriptingObjects (1ms)
		CreateAndSetChildDomain (127ms)
	RebuildCommonClasses (101ms)
	RebuildNativeTypeToScriptingClass (32ms)
	initialDomainReloadingComplete (66ms)
	LoadAllAssembliesAndSetupDomain (1265ms)
		LoadAssemblies (1010ms)
		RebuildTransferFunctionScriptingTraits (0ms)
		AnalyzeDomain (596ms)
			TypeCache.Refresh (16ms)
				TypeCache.ScanAssembly (0ms)
			BuildScriptInfoCaches (539ms)
			ResolveRequiredComponents (32ms)
	FinalizeReload (2274ms)
		ReleaseScriptCaches (0ms)
		RebuildScriptCaches (0ms)
		SetupLoadedEditorAssemblies (1664ms)
			LogAssemblyErrors (0ms)
			InitializePlatformSupportModulesInManaged (6ms)
			SetLoadedEditorAssemblies (18ms)
			BeforeProcessingInitializeOnLoad (383ms)
			ProcessInitializeOnLoadAttributes (1056ms)
			ProcessInitializeOnLoadMethodAttributes (196ms)
			AfterProcessingInitializeOnLoad (4ms)
			EditorAssembliesLoaded (1ms)
		ExecutionOrderSort2 (0ms)
		AwakeInstancesAfterBackupRestoration (39ms)
Refreshing native plugins compatible for Editor in 5.80 ms, found 4 plugins.
Preloading 0 native plugins for Editor in 0.00 ms.
Unloading 37 Unused Serialized files (Serialized files now loaded: 0)
Unloading 7026 unused Assets / (7.8 MB). Loaded Objects now: 7813.
Memory consumption went from 160.0 MB to 152.2 MB.
Total: 35.815900 ms (FindLiveObjects: 2.457400 ms CreateObjectMapping: 2.618200 ms MarkObjects: 15.448100 ms  DeleteObjects: 15.288400 ms)

Prepare: number of updated asset objects reloaded= 0
========================================================================
Received Prepare
Assembly reference Packages/com.unity.cinemachine/Editor/Samples/ExposeHDRPInternals/HDRP-Editor-ref.asmref has no target assembly definition
Assembly reference Packages/com.unity.cinemachine/Editor/Samples/ExposeHDRPInternals/HDRP-Editor-ref.asmref has no target assembly definition
Begin MonoManager ReloadAssembly
- Loaded All Assemblies, in  2.137 seconds
Assembly reference Packages/com.unity.cinemachine/Editor/Samples/ExposeHDRPInternals/HDRP-Editor-ref.asmref has no target assembly definition
'Packages/com.unity.cinemachine/Editor/Obsolete/CinemachineVirtualCameraBaseEditor.cs' contains partial class of Unity.Object, exactly 1 of the partial classes needs to be in a file with the same filename. This is to know the one that can be referenced from ie. GameObjects
'Packages/com.unity.cinemachine/Editor/Editors/CinemachineVirtualCameraBaseEditor.cs' contains partial class of Unity.Object, exactly 1 of the partial classes needs to be in a file with the same filename. This is to know the one that can be referenced from ie. GameObjects
Refreshing native plugins compatible for Editor in 7.19 ms, found 4 plugins.
Native extension for WindowsStandalone target not found
Native extension for WebGL target not found
Assembly reference Packages/com.unity.cinemachine/Editor/Samples/ExposeHDRPInternals/HDRP-Editor-ref.asmref has no target assembly definition
[Package Manager] Failed to launch server process. Reason: Unity was launched with the -noUpm command-line argument
[Package Manager] Unable to send message (not connected to server process).
[Package Manager] Cannot connect to Unity Package Manager local server
Mono: successfully reloaded assembly
- Finished resetting the current domain, in  2.276 seconds
Domain Reload Profiling: 4420ms
	BeginReloadAssembly (576ms)
		ExecutionOrderSort (0ms)
		DisableScriptedObjects (40ms)
		BackupInstance (0ms)
		ReleaseScriptingObjects (0ms)
		CreateAndSetChildDomain (128ms)
	RebuildCommonClasses (93ms)
	RebuildNativeTypeToScriptingClass (34ms)
	initialDomainReloadingComplete (72ms)
	LoadAllAssembliesAndSetupDomain (1367ms)
		LoadAssemblies (1061ms)
		RebuildTransferFunctionScriptingTraits (0ms)
		AnalyzeDomain (630ms)
			TypeCache.Refresh (14ms)
				TypeCache.ScanAssembly (0ms)
			BuildScriptInfoCaches (558ms)
			ResolveRequiredComponents (45ms)
	FinalizeReload (2278ms)
		ReleaseScriptCaches (0ms)
		RebuildScriptCaches (0ms)
		SetupLoadedEditorAssemblies (1717ms)
			LogAssemblyErrors (0ms)
			InitializePlatformSupportModulesInManaged (5ms)
			SetLoadedEditorAssemblies (11ms)
			BeforeProcessingInitializeOnLoad (341ms)
			ProcessInitializeOnLoadAttributes (1143ms)
			ProcessInitializeOnLoadMethodAttributes (210ms)
			AfterProcessingInitializeOnLoad (5ms)
			EditorAssembliesLoaded (1ms)
		ExecutionOrderSort2 (0ms)
		AwakeInstancesAfterBackupRestoration (43ms)
Refreshing native plugins compatible for Editor in 6.41 ms, found 4 plugins.
Preloading 0 native plugins for Editor in 0.00 ms.
Unloading 37 Unused Serialized files (Serialized files now loaded: 0)
Unloading 7026 unused Assets / (8.2 MB). Loaded Objects now: 7815.
Memory consumption went from 161.7 MB to 153.6 MB.
Total: 31.457400 ms (FindLiveObjects: 2.456200 ms CreateObjectMapping: 2.358900 ms MarkObjects: 13.559000 ms  DeleteObjects: 13.079200 ms)

Prepare: number of updated asset objects reloaded= 0
========================================================================
Received Prepare
Assembly reference Packages/com.unity.cinemachine/Editor/Samples/ExposeHDRPInternals/HDRP-Editor-ref.asmref has no target assembly definition
Assembly reference Packages/com.unity.cinemachine/Editor/Samples/ExposeHDRPInternals/HDRP-Editor-ref.asmref has no target assembly definition
Begin MonoManager ReloadAssembly
- Loaded All Assemblies, in  2.057 seconds
Assembly reference Packages/com.unity.cinemachine/Editor/Samples/ExposeHDRPInternals/HDRP-Editor-ref.asmref has no target assembly definition
'Packages/com.unity.cinemachine/Editor/Obsolete/CinemachineVirtualCameraBaseEditor.cs' contains partial class of Unity.Object, exactly 1 of the partial classes needs to be in a file with the same filename. This is to know the one that can be referenced from ie. GameObjects
'Packages/com.unity.cinemachine/Editor/Editors/CinemachineVirtualCameraBaseEditor.cs' contains partial class of Unity.Object, exactly 1 of the partial classes needs to be in a file with the same filename. This is to know the one that can be referenced from ie. GameObjects
Refreshing native plugins compatible for Editor in 6.99 ms, found 4 plugins.
Native extension for WindowsStandalone target not found
Native extension for WebGL target not found
Assembly reference Packages/com.unity.cinemachine/Editor/Samples/ExposeHDRPInternals/HDRP-Editor-ref.asmref has no target assembly definition
[Package Manager] Failed to launch server process. Reason: Unity was launched with the -noUpm command-line argument
[Package Manager] Unable to send message (not connected to server process).
[Package Manager] Cannot connect to Unity Package Manager local server
Mono: successfully reloaded assembly
- Finished resetting the current domain, in  2.159 seconds
Domain Reload Profiling: 4226ms
	BeginReloadAssembly (585ms)
		ExecutionOrderSort (0ms)
		DisableScriptedObjects (44ms)
		BackupInstance (0ms)
		ReleaseScriptingObjects (1ms)
		CreateAndSetChildDomain (129ms)
	RebuildCommonClasses (103ms)
	RebuildNativeTypeToScriptingClass (47ms)
	initialDomainReloadingComplete (80ms)
	LoadAllAssembliesAndSetupDomain (1251ms)
		LoadAssemblies (991ms)
		RebuildTransferFunctionScriptingTraits (0ms)
		AnalyzeDomain (583ms)
			TypeCache.Refresh (16ms)
				TypeCache.ScanAssembly (0ms)
			BuildScriptInfoCaches (519ms)
			ResolveRequiredComponents (38ms)
	FinalizeReload (2160ms)
		ReleaseScriptCaches (0ms)
		RebuildScriptCaches (0ms)
		SetupLoadedEditorAssemblies (1605ms)
			LogAssemblyErrors (0ms)
			InitializePlatformSupportModulesInManaged (6ms)
			SetLoadedEditorAssemblies (12ms)
			BeforeProcessingInitializeOnLoad (341ms)
			ProcessInitializeOnLoadAttributes (1039ms)
			ProcessInitializeOnLoadMethodAttributes (202ms)
			AfterProcessingInitializeOnLoad (4ms)
			EditorAssembliesLoaded (1ms)
		ExecutionOrderSort2 (0ms)
		AwakeInstancesAfterBackupRestoration (43ms)
Refreshing native plugins compatible for Editor in 6.99 ms, found 4 plugins.
Preloading 0 native plugins for Editor in 0.00 ms.
Unloading 37 Unused Serialized files (Serialized files now loaded: 0)
Unloading 7026 unused Assets / (8.4 MB). Loaded Objects now: 7817.
Memory consumption went from 163.5 MB to 155.1 MB.
Total: 37.323500 ms (FindLiveObjects: 2.110500 ms CreateObjectMapping: 2.696500 ms MarkObjects: 14.059000 ms  DeleteObjects: 18.454700 ms)

Prepare: number of updated asset objects reloaded= 0
========================================================================
Received Prepare
Assembly reference Packages/com.unity.cinemachine/Editor/Samples/ExposeHDRPInternals/HDRP-Editor-ref.asmref has no target assembly definition
Assembly reference Packages/com.unity.cinemachine/Editor/Samples/ExposeHDRPInternals/HDRP-Editor-ref.asmref has no target assembly definition
Begin MonoManager ReloadAssembly
- Loaded All Assemblies, in  1.417 seconds
Assembly reference Packages/com.unity.cinemachine/Editor/Samples/ExposeHDRPInternals/HDRP-Editor-ref.asmref has no target assembly definition
'Packages/com.unity.cinemachine/Editor/Obsolete/CinemachineVirtualCameraBaseEditor.cs' contains partial class of Unity.Object, exactly 1 of the partial classes needs to be in a file with the same filename. This is to know the one that can be referenced from ie. GameObjects
'Packages/com.unity.cinemachine/Editor/Editors/CinemachineVirtualCameraBaseEditor.cs' contains partial class of Unity.Object, exactly 1 of the partial classes needs to be in a file with the same filename. This is to know the one that can be referenced from ie. GameObjects
Refreshing native plugins compatible for Editor in 4.55 ms, found 4 plugins.
Native extension for WindowsStandalone target not found
Native extension for WebGL target not found
Assembly reference Packages/com.unity.cinemachine/Editor/Samples/ExposeHDRPInternals/HDRP-Editor-ref.asmref has no target assembly definition
[Package Manager] Failed to launch server process. Reason: Unity was launched with the -noUpm command-line argument
[Package Manager] Unable to send message (not connected to server process).
[Package Manager] Cannot connect to Unity Package Manager local server
Mono: successfully reloaded assembly
- Finished resetting the current domain, in  1.758 seconds
Domain Reload Profiling: 3180ms
	BeginReloadAssembly (369ms)
		ExecutionOrderSort (0ms)
		DisableScriptedObjects (38ms)
		BackupInstance (0ms)
		ReleaseScriptingObjects (0ms)
		CreateAndSetChildDomain (82ms)
	RebuildCommonClasses (51ms)
	RebuildNativeTypeToScriptingClass (15ms)
	initialDomainReloadingComplete (52ms)
	LoadAllAssembliesAndSetupDomain (933ms)
		LoadAssemblies (688ms)
		RebuildTransferFunctionScriptingTraits (0ms)
		AnalyzeDomain (421ms)
			TypeCache.Refresh (9ms)
				TypeCache.ScanAssembly (0ms)
			BuildScriptInfoCaches (388ms)
			ResolveRequiredComponents (17ms)
	FinalizeReload (1760ms)
		ReleaseScriptCaches (0ms)
		RebuildScriptCaches (0ms)
		SetupLoadedEditorAssemblies (1377ms)
			LogAssemblyErrors (0ms)
			InitializePlatformSupportModulesInManaged (4ms)
			SetLoadedEditorAssemblies (16ms)
			BeforeProcessingInitializeOnLoad (264ms)
			ProcessInitializeOnLoadAttributes (865ms)
			ProcessInitializeOnLoadMethodAttributes (222ms)
			AfterProcessingInitializeOnLoad (4ms)
			EditorAssembliesLoaded (1ms)
		ExecutionOrderSort2 (0ms)
		AwakeInstancesAfterBackupRestoration (38ms)
Refreshing native plugins compatible for Editor in 6.86 ms, found 4 plugins.
Preloading 0 native plugins for Editor in 0.00 ms.
Unloading 37 Unused Serialized files (Serialized files now loaded: 0)
Unloading 7026 unused Assets / (8.1 MB). Loaded Objects now: 7819.
Memory consumption went from 165.2 MB to 157.1 MB.
Total: 36.881400 ms (FindLiveObjects: 2.004400 ms CreateObjectMapping: 4.489500 ms MarkObjects: 14.489900 ms  DeleteObjects: 15.893700 ms)

Prepare: number of updated asset objects reloaded= 0
========================================================================
Received Prepare
Assembly reference Packages/com.unity.cinemachine/Editor/Samples/ExposeHDRPInternals/HDRP-Editor-ref.asmref has no target assembly definition
Assembly reference Packages/com.unity.cinemachine/Editor/Samples/ExposeHDRPInternals/HDRP-Editor-ref.asmref has no target assembly definition
Begin MonoManager ReloadAssembly
- Loaded All Assemblies, in  1.313 seconds
Assembly reference Packages/com.unity.cinemachine/Editor/Samples/ExposeHDRPInternals/HDRP-Editor-ref.asmref has no target assembly definition
'Packages/com.unity.cinemachine/Editor/Obsolete/CinemachineVirtualCameraBaseEditor.cs' contains partial class of Unity.Object, exactly 1 of the partial classes needs to be in a file with the same filename. This is to know the one that can be referenced from ie. GameObjects
'Packages/com.unity.cinemachine/Editor/Editors/CinemachineVirtualCameraBaseEditor.cs' contains partial class of Unity.Object, exactly 1 of the partial classes needs to be in a file with the same filename. This is to know the one that can be referenced from ie. GameObjects
Refreshing native plugins compatible for Editor in 3.22 ms, found 4 plugins.
Native extension for WindowsStandalone target not found
Native extension for WebGL target not found
Assembly reference Packages/com.unity.cinemachine/Editor/Samples/ExposeHDRPInternals/HDRP-Editor-ref.asmref has no target assembly definition
[Package Manager] Failed to launch server process. Reason: Unity was launched with the -noUpm command-line argument
[Package Manager] Unable to send message (not connected to server process).
[Package Manager] Cannot connect to Unity Package Manager local server
Mono: successfully reloaded assembly
- Finished resetting the current domain, in  1.413 seconds
Domain Reload Profiling: 2733ms
	BeginReloadAssembly (357ms)
		ExecutionOrderSort (0ms)
		DisableScriptedObjects (23ms)
		BackupInstance (0ms)
		ReleaseScriptingObjects (0ms)
		CreateAndSetChildDomain (84ms)
	RebuildCommonClasses (57ms)
	RebuildNativeTypeToScriptingClass (17ms)
	initialDomainReloadingComplete (40ms)
	LoadAllAssembliesAndSetupDomain (848ms)
		LoadAssemblies (641ms)
		RebuildTransferFunctionScriptingTraits (0ms)
		AnalyzeDomain (394ms)
			TypeCache.Refresh (9ms)
				TypeCache.ScanAssembly (0ms)
			BuildScriptInfoCaches (355ms)
			ResolveRequiredComponents (22ms)
	FinalizeReload (1414ms)
		ReleaseScriptCaches (0ms)
		RebuildScriptCaches (0ms)
		SetupLoadedEditorAssemblies (1052ms)
			LogAssemblyErrors (0ms)
			InitializePlatformSupportModulesInManaged (3ms)
			SetLoadedEditorAssemblies (7ms)
			BeforeProcessingInitializeOnLoad (207ms)
			ProcessInitializeOnLoadAttributes (694ms)
			ProcessInitializeOnLoadMethodAttributes (135ms)
			AfterProcessingInitializeOnLoad (4ms)
			EditorAssembliesLoaded (1ms)
		ExecutionOrderSort2 (0ms)
		AwakeInstancesAfterBackupRestoration (26ms)
Refreshing native plugins compatible for Editor in 4.90 ms, found 4 plugins.
Preloading 0 native plugins for Editor in 0.00 ms.
Unloading 37 Unused Serialized files (Serialized files now loaded: 0)
Unloading 7026 unused Assets / (7.4 MB). Loaded Objects now: 7821.
Memory consumption went from 166.9 MB to 159.6 MB.
Total: 26.132700 ms (FindLiveObjects: 1.824800 ms CreateObjectMapping: 1.934200 ms MarkObjects: 11.932600 ms  DeleteObjects: 10.437400 ms)

Prepare: number of updated asset objects reloaded= 0
========================================================================
Received Prepare
Assembly reference Packages/com.unity.cinemachine/Editor/Samples/ExposeHDRPInternals/HDRP-Editor-ref.asmref has no target assembly definition
Assembly reference Packages/com.unity.cinemachine/Editor/Samples/ExposeHDRPInternals/HDRP-Editor-ref.asmref has no target assembly definition
Begin MonoManager ReloadAssembly
- Loaded All Assemblies, in  1.756 seconds
Assembly reference Packages/com.unity.cinemachine/Editor/Samples/ExposeHDRPInternals/HDRP-Editor-ref.asmref has no target assembly definition
'Packages/com.unity.cinemachine/Editor/Obsolete/CinemachineVirtualCameraBaseEditor.cs' contains partial class of Unity.Object, exactly 1 of the partial classes needs to be in a file with the same filename. This is to know the one that can be referenced from ie. GameObjects
'Packages/com.unity.cinemachine/Editor/Editors/CinemachineVirtualCameraBaseEditor.cs' contains partial class of Unity.Object, exactly 1 of the partial classes needs to be in a file with the same filename. This is to know the one that can be referenced from ie. GameObjects
Refreshing native plugins compatible for Editor in 4.83 ms, found 4 plugins.
Native extension for WindowsStandalone target not found
Native extension for WebGL target not found
Assembly reference Packages/com.unity.cinemachine/Editor/Samples/ExposeHDRPInternals/HDRP-Editor-ref.asmref has no target assembly definition
[Package Manager] Failed to launch server process. Reason: Unity was launched with the -noUpm command-line argument
[Package Manager] Unable to send message (not connected to server process).
[Package Manager] Cannot connect to Unity Package Manager local server
Mono: successfully reloaded assembly
- Finished resetting the current domain, in  2.065 seconds
Domain Reload Profiling: 3831ms
	BeginReloadAssembly (422ms)
		ExecutionOrderSort (0ms)
		DisableScriptedObjects (28ms)
		BackupInstance (0ms)
		ReleaseScriptingObjects (0ms)
		CreateAndSetChildDomain (97ms)
	RebuildCommonClasses (69ms)
	RebuildNativeTypeToScriptingClass (19ms)
	initialDomainReloadingComplete (47ms)
	LoadAllAssembliesAndSetupDomain (1207ms)
		LoadAssemblies (748ms)
		RebuildTransferFunctionScriptingTraits (0ms)
		AnalyzeDomain (692ms)
			TypeCache.Refresh (11ms)
				TypeCache.ScanAssembly (0ms)
			BuildScriptInfoCaches (635ms)
			ResolveRequiredComponents (35ms)
	FinalizeReload (2067ms)
		ReleaseScriptCaches (0ms)
		RebuildScriptCaches (0ms)
		SetupLoadedEditorAssemblies (1599ms)
			LogAssemblyErrors (0ms)
			InitializePlatformSupportModulesInManaged (6ms)
			SetLoadedEditorAssemblies (10ms)
			BeforeProcessingInitializeOnLoad (207ms)
			ProcessInitializeOnLoadAttributes (1203ms)
			ProcessInitializeOnLoadMethodAttributes (170ms)
			AfterProcessingInitializeOnLoad (3ms)
			EditorAssembliesLoaded (1ms)
		ExecutionOrderSort2 (0ms)
		AwakeInstancesAfterBackupRestoration (29ms)
Refreshing native plugins compatible for Editor in 9.78 ms, found 4 plugins.
Preloading 0 native plugins for Editor in 0.00 ms.
Unloading 37 Unused Serialized files (Serialized files now loaded: 0)
Unloading 7026 unused Assets / (8.1 MB). Loaded Objects now: 7823.
Memory consumption went from 168.7 MB to 160.5 MB.
Total: 37.759500 ms (FindLiveObjects: 1.804800 ms CreateObjectMapping: 2.436100 ms MarkObjects: 14.724200 ms  DeleteObjects: 18.790800 ms)

Prepare: number of updated asset objects reloaded= 0
========================================================================
Received Prepare
Assembly reference Packages/com.unity.cinemachine/Editor/Samples/ExposeHDRPInternals/HDRP-Editor-ref.asmref has no target assembly definition
Assembly reference Packages/com.unity.cinemachine/Editor/Samples/ExposeHDRPInternals/HDRP-Editor-ref.asmref has no target assembly definition
Begin MonoManager ReloadAssembly
- Loaded All Assemblies, in  1.225 seconds
Assembly reference Packages/com.unity.cinemachine/Editor/Samples/ExposeHDRPInternals/HDRP-Editor-ref.asmref has no target assembly definition
'Packages/com.unity.cinemachine/Editor/Obsolete/CinemachineVirtualCameraBaseEditor.cs' contains partial class of Unity.Object, exactly 1 of the partial classes needs to be in a file with the same filename. This is to know the one that can be referenced from ie. GameObjects
'Packages/com.unity.cinemachine/Editor/Editors/CinemachineVirtualCameraBaseEditor.cs' contains partial class of Unity.Object, exactly 1 of the partial classes needs to be in a file with the same filename. This is to know the one that can be referenced from ie. GameObjects
Refreshing native plugins compatible for Editor in 3.40 ms, found 4 plugins.
Native extension for WindowsStandalone target not found
Native extension for WebGL target not found
Assembly reference Packages/com.unity.cinemachine/Editor/Samples/ExposeHDRPInternals/HDRP-Editor-ref.asmref has no target assembly definition
[Package Manager] Failed to launch server process. Reason: Unity was launched with the -noUpm command-line argument
[Package Manager] Unable to send message (not connected to server process).
[Package Manager] Cannot connect to Unity Package Manager local server
Mono: successfully reloaded assembly
- Finished resetting the current domain, in  1.474 seconds
Domain Reload Profiling: 2705ms
	BeginReloadAssembly (352ms)
		ExecutionOrderSort (0ms)
		DisableScriptedObjects (19ms)
		BackupInstance (0ms)
		ReleaseScriptingObjects (0ms)
		CreateAndSetChildDomain (92ms)
	RebuildCommonClasses (62ms)
	RebuildNativeTypeToScriptingClass (16ms)
	initialDomainReloadingComplete (37ms)
	LoadAllAssembliesAndSetupDomain (763ms)
		LoadAssemblies (616ms)
		RebuildTransferFunctionScriptingTraits (0ms)
		AnalyzeDomain (332ms)
			TypeCache.Refresh (10ms)
				TypeCache.ScanAssembly (0ms)
			BuildScriptInfoCaches (298ms)
			ResolveRequiredComponents (16ms)
	FinalizeReload (1475ms)
		ReleaseScriptCaches (0ms)
		RebuildScriptCaches (0ms)
		SetupLoadedEditorAssemblies (1092ms)
			LogAssemblyErrors (0ms)
			InitializePlatformSupportModulesInManaged (4ms)
			SetLoadedEditorAssemblies (7ms)
			BeforeProcessingInitializeOnLoad (207ms)
			ProcessInitializeOnLoadAttributes (704ms)
			ProcessInitializeOnLoadMethodAttributes (165ms)
			AfterProcessingInitializeOnLoad (3ms)
			EditorAssembliesLoaded (1ms)
		ExecutionOrderSort2 (0ms)
		AwakeInstancesAfterBackupRestoration (31ms)
Refreshing native plugins compatible for Editor in 5.48 ms, found 4 plugins.
Preloading 0 native plugins for Editor in 0.00 ms.
Unloading 37 Unused Serialized files (Serialized files now loaded: 0)
Unloading 7026 unused Assets / (7.9 MB). Loaded Objects now: 7825.
Memory consumption went from 170.5 MB to 162.6 MB.
Total: 32.514900 ms (FindLiveObjects: 2.013500 ms CreateObjectMapping: 3.217600 ms MarkObjects: 13.340600 ms  DeleteObjects: 13.939900 ms)

Prepare: number of updated asset objects reloaded= 0
========================================================================
Received Prepare
'Packages/com.unity.cinemachine/Editor/Obsolete/CinemachineVirtualCameraBaseEditor.cs' contains partial class of Unity.Object, exactly 1 of the partial classes needs to be in a file with the same filename. This is to know the one that can be referenced from ie. GameObjects
'Packages/com.unity.cinemachine/Editor/Editors/CinemachineVirtualCameraBaseEditor.cs' contains partial class of Unity.Object, exactly 1 of the partial classes needs to be in a file with the same filename. This is to know the one that can be referenced from ie. GameObjects
Refreshing native plugins compatible for Editor in 6.33 ms, found 4 plugins.
Preloading 0 native plugins for Editor in 0.00 ms.
Unloading 37 Unused Serialized files (Serialized files now loaded: 0)
Unloading 7014 unused Assets / (7.8 MB). Loaded Objects now: 7824.
Memory consumption went from 172.4 MB to 164.6 MB.
Total: 42.999400 ms (FindLiveObjects: 2.885200 ms CreateObjectMapping: 3.359400 ms MarkObjects: 25.390000 ms  DeleteObjects: 11.361100 ms)

Prepare: number of updated asset objects reloaded= 0
========================================================================
Received Prepare
Assembly reference Packages/com.unity.cinemachine/Editor/Samples/ExposeHDRPInternals/HDRP-Editor-ref.asmref has no target assembly definition
Assembly reference Packages/com.unity.cinemachine/Editor/Samples/ExposeHDRPInternals/HDRP-Editor-ref.asmref has no target assembly definition
Begin MonoManager ReloadAssembly
- Loaded All Assemblies, in  1.425 seconds
Assembly reference Packages/com.unity.cinemachine/Editor/Samples/ExposeHDRPInternals/HDRP-Editor-ref.asmref has no target assembly definition
'Packages/com.unity.cinemachine/Editor/Obsolete/CinemachineVirtualCameraBaseEditor.cs' contains partial class of Unity.Object, exactly 1 of the partial classes needs to be in a file with the same filename. This is to know the one that can be referenced from ie. GameObjects
'Packages/com.unity.cinemachine/Editor/Editors/CinemachineVirtualCameraBaseEditor.cs' contains partial class of Unity.Object, exactly 1 of the partial classes needs to be in a file with the same filename. This is to know the one that can be referenced from ie. GameObjects
Refreshing native plugins compatible for Editor in 2.21 ms, found 4 plugins.
Native extension for WindowsStandalone target not found
Native extension for WebGL target not found
Assembly reference Packages/com.unity.cinemachine/Editor/Samples/ExposeHDRPInternals/HDRP-Editor-ref.asmref has no target assembly definition
[Package Manager] Failed to launch server process. Reason: Unity was launched with the -noUpm command-line argument
[Package Manager] Unable to send message (not connected to server process).
[Package Manager] Cannot connect to Unity Package Manager local server
Mono: successfully reloaded assembly
- Finished resetting the current domain, in  1.151 seconds
Domain Reload Profiling: 2587ms
	BeginReloadAssembly (347ms)
		ExecutionOrderSort (0ms)
		DisableScriptedObjects (19ms)
		BackupInstance (0ms)
		ReleaseScriptingObjects (0ms)
		CreateAndSetChildDomain (86ms)
	RebuildCommonClasses (53ms)
	RebuildNativeTypeToScriptingClass (15ms)
	initialDomainReloadingComplete (34ms)
	LoadAllAssembliesAndSetupDomain (986ms)
		LoadAssemblies (709ms)
		RebuildTransferFunctionScriptingTraits (0ms)
		AnalyzeDomain (455ms)
			TypeCache.Refresh (19ms)
				TypeCache.ScanAssembly (1ms)
			BuildScriptInfoCaches (402ms)
			ResolveRequiredComponents (28ms)
	FinalizeReload (1152ms)
		ReleaseScriptCaches (0ms)
		RebuildScriptCaches (0ms)
		SetupLoadedEditorAssemblies (856ms)
			LogAssemblyErrors (0ms)
			InitializePlatformSupportModulesInManaged (3ms)
			SetLoadedEditorAssemblies (6ms)
			BeforeProcessingInitializeOnLoad (149ms)
			ProcessInitializeOnLoadAttributes (571ms)
			ProcessInitializeOnLoadMethodAttributes (125ms)
			AfterProcessingInitializeOnLoad (2ms)
			EditorAssembliesLoaded (1ms)
		ExecutionOrderSort2 (0ms)
		AwakeInstancesAfterBackupRestoration (21ms)
Refreshing native plugins compatible for Editor in 2.60 ms, found 4 plugins.
Preloading 0 native plugins for Editor in 0.00 ms.
Unloading 37 Unused Serialized files (Serialized files now loaded: 0)
Unloading 7025 unused Assets / (7.0 MB). Loaded Objects now: 7826.
Memory consumption went from 173.9 MB to 166.9 MB.
Total: 17.042500 ms (FindLiveObjects: 1.343200 ms CreateObjectMapping: 1.611300 ms MarkObjects: 7.534500 ms  DeleteObjects: 6.551400 ms)

Prepare: number of updated asset objects reloaded= 0
========================================================================
Received Prepare
'Packages/com.unity.cinemachine/Editor/Obsolete/CinemachineVirtualCameraBaseEditor.cs' contains partial class of Unity.Object, exactly 1 of the partial classes needs to be in a file with the same filename. This is to know the one that can be referenced from ie. GameObjects
'Packages/com.unity.cinemachine/Editor/Editors/CinemachineVirtualCameraBaseEditor.cs' contains partial class of Unity.Object, exactly 1 of the partial classes needs to be in a file with the same filename. This is to know the one that can be referenced from ie. GameObjects
Refreshing native plugins compatible for Editor in 5.04 ms, found 4 plugins.
Preloading 0 native plugins for Editor in 0.00 ms.
Unloading 37 Unused Serialized files (Serialized files now loaded: 0)
Unloading 7015 unused Assets / (6.6 MB). Loaded Objects now: 7827.
Memory consumption went from 175.8 MB to 169.2 MB.
Total: 32.298000 ms (FindLiveObjects: 1.509300 ms CreateObjectMapping: 2.975600 ms MarkObjects: 12.075900 ms  DeleteObjects: 15.733700 ms)

Prepare: number of updated asset objects reloaded= 0
========================================================================
Received Import Request.
  Time since last request: 3709.002154 seconds.
  path: Assets/Art/Dadish_02_Assets/graphics/1x/sprite-170-1.png
  artifactKey: Guid(d18534cf429dba5419bd4bd83428529a) Importer(815301076,1909f56bfc062723c751e8b465ee728b)
Start importing Assets/Art/Dadish_02_Assets/graphics/1x/sprite-170-1.png using Guid(d18534cf429dba5419bd4bd83428529a) Importer(815301076,1909f56bfc062723c751e8b465ee728b) (PreviewImporter) -> (artifact id: '05993724ab61cfd31dc963f271d3f29c') in 0.2445495 seconds
Number of updated asset objects reloaded before import = 0Number of asset objects unloaded after import = 3

========================================================================
Received Import Request.
  Time since last request: 0.014441 seconds.
  path: Assets/Art/Dadish_02_Assets/graphics/1x/sprite-434-56.png
  artifactKey: Guid(e270eed6de18b1941bc502e0fd38134f) Importer(815301076,1909f56bfc062723c751e8b465ee728b)
Start importing Assets/Art/Dadish_02_Assets/graphics/1x/sprite-434-56.png using Guid(e270eed6de18b1941bc502e0fd38134f) Importer(815301076,1909f56bfc062723c751e8b465ee728b) (PreviewImporter) -> (artifact id: '84c42df38c1d3cde3ebebd04cca43993') in 0.0552848 seconds
Number of updated asset objects reloaded before import = 0Number of asset objects unloaded after import = 5

========================================================================
Received Import Request.
  Time since last request: 0.000036 seconds.
  path: Assets/Art/Dadish_02_Assets/graphics/1x/sprite-434-58.png
  artifactKey: Guid(4c7ad55890acd804c88a8c03b2831167) Importer(815301076,1909f56bfc062723c751e8b465ee728b)
Start importing Assets/Art/Dadish_02_Assets/graphics/1x/sprite-434-58.png using Guid(4c7ad55890acd804c88a8c03b2831167) Importer(815301076,1909f56bfc062723c751e8b465ee728b) (PreviewImporter) -> (artifact id: 'e6409b37b2395fc9b790e7043be026fe') in 0.0454644 seconds
Number of updated asset objects reloaded before import = 0Number of asset objects unloaded after import = 5

========================================================================
Received Import Request.
  Time since last request: 0.000030 seconds.
  path: Assets/Art/Dadish_02_Assets/graphics/1x/sprite-434-66.png
  artifactKey: Guid(b9191e898e16d0c4794ea9a414b7e2d1) Importer(815301076,1909f56bfc062723c751e8b465ee728b)
Start importing Assets/Art/Dadish_02_Assets/graphics/1x/sprite-434-66.png using Guid(b9191e898e16d0c4794ea9a414b7e2d1) Importer(815301076,1909f56bfc062723c751e8b465ee728b) (PreviewImporter) -> (artifact id: 'a5e40498e9c5accb795f121f4c002efb') in 0.0718816 seconds
Number of updated asset objects reloaded before import = 0Number of asset objects unloaded after import = 3

========================================================================
Received Import Request.
  Time since last request: 0.000055 seconds.
  path: Assets/Art/Dadish_02_Assets/graphics/1x/sprite-434-76.png
  artifactKey: Guid(2fdd235c5cde10a429575f6506919b51) Importer(815301076,1909f56bfc062723c751e8b465ee728b)
Start importing Assets/Art/Dadish_02_Assets/graphics/1x/sprite-434-76.png using Guid(2fdd235c5cde10a429575f6506919b51) Importer(815301076,1909f56bfc062723c751e8b465ee728b) (PreviewImporter) -> (artifact id: '28a36cb7753cae59d831f79b76132012') in 0.0366519 seconds
Number of updated asset objects reloaded before import = 0Number of asset objects unloaded after import = 3

========================================================================
Received Import Request.
  Time since last request: 0.000036 seconds.
  path: Assets/Art/Dadish_02_Assets/graphics/1x/sprite-434-70.png
  artifactKey: Guid(b41289bc8d7e1384ba2da4dbcc6837a5) Importer(815301076,1909f56bfc062723c751e8b465ee728b)
Start importing Assets/Art/Dadish_02_Assets/graphics/1x/sprite-434-70.png using Guid(b41289bc8d7e1384ba2da4dbcc6837a5) Importer(815301076,1909f56bfc062723c751e8b465ee728b) (PreviewImporter) -> (artifact id: '23dbe96e823d01016505a3eed02d780e') in 0.0805994 seconds
Number of updated asset objects reloaded before import = 0Number of asset objects unloaded after import = 7

========================================================================
Received Import Request.
  Time since last request: 0.000037 seconds.
  path: Assets/Art/Dadish_02_Assets/graphics/1x/sprite-434-74.png
  artifactKey: Guid(fdf4113cc9a788a408b4600048c59e99) Importer(815301076,1909f56bfc062723c751e8b465ee728b)
Start importing Assets/Art/Dadish_02_Assets/graphics/1x/sprite-434-74.png using Guid(fdf4113cc9a788a408b4600048c59e99) Importer(815301076,1909f56bfc062723c751e8b465ee728b) (PreviewImporter) -> (artifact id: '61212b43d5f19b66543f2d76f056e99c') in 0.0461812 seconds
Number of updated asset objects reloaded before import = 0Number of asset objects unloaded after import = 3

========================================================================
Received Import Request.
  Time since last request: 0.000044 seconds.
  path: Assets/Art/Dadish_02_Assets/graphics/1x/sprite-434-61.png
  artifactKey: Guid(4c06f700b5c7fbf48865fc8291d674ed) Importer(815301076,1909f56bfc062723c751e8b465ee728b)
Start importing Assets/Art/Dadish_02_Assets/graphics/1x/sprite-434-61.png using Guid(4c06f700b5c7fbf48865fc8291d674ed) Importer(815301076,1909f56bfc062723c751e8b465ee728b) (PreviewImporter) -> (artifact id: '5fee94a5f568540c864f830462cae0b9') in 0.0387548 seconds
Number of updated asset objects reloaded before import = 0Number of asset objects unloaded after import = 3

========================================================================
Received Import Request.
  Time since last request: 0.000030 seconds.
  path: Assets/Art/Dadish_02_Assets/graphics/1x/sprite-434-75.png
  artifactKey: Guid(adc9702b2fc712e49a18f499435b5b16) Importer(815301076,1909f56bfc062723c751e8b465ee728b)
Start importing Assets/Art/Dadish_02_Assets/graphics/1x/sprite-434-75.png using Guid(adc9702b2fc712e49a18f499435b5b16) Importer(815301076,1909f56bfc062723c751e8b465ee728b) (PreviewImporter) -> (artifact id: '2464346eb082887746854feb7a04c1c6') in 0.0764278 seconds
Number of updated asset objects reloaded before import = 0Number of asset objects unloaded after import = 7

========================================================================
Received Import Request.
  Time since last request: 0.000031 seconds.
  path: Assets/Art/Dadish_02_Assets/graphics/1x/sprite-434-65.png
  artifactKey: Guid(90a90dca41dc2d7489e02a0071fbaa2d) Importer(815301076,1909f56bfc062723c751e8b465ee728b)
Start importing Assets/Art/Dadish_02_Assets/graphics/1x/sprite-434-65.png using Guid(90a90dca41dc2d7489e02a0071fbaa2d) Importer(815301076,1909f56bfc062723c751e8b465ee728b) (PreviewImporter) -> (artifact id: '5b621ae17b5dcc0f3b8c05b4bfa6b724') in 0.0365272 seconds
Number of updated asset objects reloaded before import = 0Number of asset objects unloaded after import = 3

========================================================================
Received Import Request.
  Time since last request: 0.000035 seconds.
  path: Assets/Art/Dadish_02_Assets/graphics/1x/sprite-434-68.png
  artifactKey: Guid(a78eb2e62ab24c0449d98cd6660d69c7) Importer(815301076,1909f56bfc062723c751e8b465ee728b)
Start importing Assets/Art/Dadish_02_Assets/graphics/1x/sprite-434-68.png using Guid(a78eb2e62ab24c0449d98cd6660d69c7) Importer(815301076,1909f56bfc062723c751e8b465ee728b) (PreviewImporter) -> (artifact id: 'd2e526393fb74d01ad98f683457a8c9f') in 0.0336584 seconds
Number of updated asset objects reloaded before import = 0Number of asset objects unloaded after import = 3

========================================================================
Received Import Request.
  Time since last request: 0.000025 seconds.
  path: Assets/Art/Dadish_02_Assets/graphics/1x/sprite-434-57.png
  artifactKey: Guid(a27288ebddf044c45b2e8fbf60a5a459) Importer(815301076,1909f56bfc062723c751e8b465ee728b)
Start importing Assets/Art/Dadish_02_Assets/graphics/1x/sprite-434-57.png using Guid(a27288ebddf044c45b2e8fbf60a5a459) Importer(815301076,1909f56bfc062723c751e8b465ee728b) (PreviewImporter) -> (artifact id: '6a00d97e414edbe11199376faff66b1c') in 0.053293 seconds
Number of updated asset objects reloaded before import = 0Number of asset objects unloaded after import = 5

========================================================================
Received Import Request.
  Time since last request: 1.458497 seconds.
  path: Assets/Art/Dadish_02_Assets/graphics/1x/sprite-1123-0.png
  artifactKey: Guid(7da702042cc88d949bf59fc6a1368e36) Importer(815301076,1909f56bfc062723c751e8b465ee728b)
Start importing Assets/Art/Dadish_02_Assets/graphics/1x/sprite-1123-0.png using Guid(7da702042cc88d949bf59fc6a1368e36) Importer(815301076,1909f56bfc062723c751e8b465ee728b) (PreviewImporter) -> (artifact id: '71a7217a5f9bf98ac47755ba3991c27b') in 0.0355555 seconds
Number of updated asset objects reloaded before import = 0Number of asset objects unloaded after import = 3

========================================================================
Received Import Request.
  Time since last request: 0.000048 seconds.
  path: Assets/Art/Dadish_02_Assets/graphics/1x/sprite-1125-2.png
  artifactKey: Guid(0cfc748d016ef1a4882bf9af783d8ae6) Importer(815301076,1909f56bfc062723c751e8b465ee728b)
Start importing Assets/Art/Dadish_02_Assets/graphics/1x/sprite-1125-2.png using Guid(0cfc748d016ef1a4882bf9af783d8ae6) Importer(815301076,1909f56bfc062723c751e8b465ee728b) (PreviewImporter) -> (artifact id: '06116a8af3c881acb63e2b8a813aa4c0') in 0.0762452 seconds
Number of updated asset objects reloaded before import = 0Number of asset objects unloaded after import = 6

========================================================================
Received Import Request.
  Time since last request: 34.840115 seconds.
  path: Assets/Test/Asset/sprite-1086-12.png
  artifactKey: Guid(9a2ac8725bcd465428f08bcf13d7e725) Importer(815301076,1909f56bfc062723c751e8b465ee728b)
Start importing Assets/Test/Asset/sprite-1086-12.png using Guid(9a2ac8725bcd465428f08bcf13d7e725) Importer(815301076,1909f56bfc062723c751e8b465ee728b) (PreviewImporter) -> (artifact id: '17bce081847e4dc1828fbe459cfde54c') in 0.0959643 seconds
Number of updated asset objects reloaded before import = 0Number of asset objects unloaded after import = 3

========================================================================
Received Import Request.
  Time since last request: 0.000035 seconds.
  path: Assets/Test/Asset/sprite-1086-36.png
  artifactKey: Guid(58ef357ad6cfadd49a31b8cf4b02a45a) Importer(815301076,1909f56bfc062723c751e8b465ee728b)
Start importing Assets/Test/Asset/sprite-1086-36.png using Guid(58ef357ad6cfadd49a31b8cf4b02a45a) Importer(815301076,1909f56bfc062723c751e8b465ee728b) (PreviewImporter) -> (artifact id: '34482bd53ff664593f29f99b86619ac7') in 0.1174081 seconds
Number of updated asset objects reloaded before import = 0Number of asset objects unloaded after import = 10

========================================================================
Received Import Request.
  Time since last request: 0.000047 seconds.
  path: Assets/Test/Asset/sprite-1086-24.png
  artifactKey: Guid(60dd18ed894ce1842a742bd61e21182a) Importer(815301076,1909f56bfc062723c751e8b465ee728b)
Start importing Assets/Test/Asset/sprite-1086-24.png using Guid(60dd18ed894ce1842a742bd61e21182a) Importer(815301076,1909f56bfc062723c751e8b465ee728b) (PreviewImporter) -> (artifact id: '2b71808dca6c81b3cc58c5c5ad33db4d') in 0.0998617 seconds
Number of updated asset objects reloaded before import = 0Number of asset objects unloaded after import = 8

========================================================================
Received Import Request.
  Time since last request: 0.000043 seconds.
  path: Assets/Test/Asset/sprite-1086-34.png
  artifactKey: Guid(61361fb2536c15e40a26f5956eca5525) Importer(815301076,1909f56bfc062723c751e8b465ee728b)
Start importing Assets/Test/Asset/sprite-1086-34.png using Guid(61361fb2536c15e40a26f5956eca5525) Importer(815301076,1909f56bfc062723c751e8b465ee728b) (PreviewImporter) -> (artifact id: '74fb73fb9c8b528c4a812603b1f24da8') in 0.0688701 seconds
Number of updated asset objects reloaded before import = 0Number of asset objects unloaded after import = 5

========================================================================
Received Import Request.
  Time since last request: 0.000039 seconds.
  path: Assets/Test/Asset/sprite-1086-30.png
  artifactKey: Guid(6ae30527a23f3ef44b1a4011510e65fb) Importer(815301076,1909f56bfc062723c751e8b465ee728b)
Start importing Assets/Test/Asset/sprite-1086-30.png using Guid(6ae30527a23f3ef44b1a4011510e65fb) Importer(815301076,1909f56bfc062723c751e8b465ee728b) (PreviewImporter) -> (artifact id: 'cd89742148832c002f00e60720a875f4') in 0.0968398 seconds
Number of updated asset objects reloaded before import = 0Number of asset objects unloaded after import = 8

========================================================================
Received Import Request.
  Time since last request: 0.000046 seconds.
  path: Assets/Test/Asset/sprite-1086-37.png
  artifactKey: Guid(3cae2cbb83eacdd4fa8a81769e6dc647) Importer(815301076,1909f56bfc062723c751e8b465ee728b)
Start importing Assets/Test/Asset/sprite-1086-37.png using Guid(3cae2cbb83eacdd4fa8a81769e6dc647) Importer(815301076,1909f56bfc062723c751e8b465ee728b) (PreviewImporter) -> (artifact id: '4b113d657e9ab9e6f6e8d00af049cf1b') in 0.1062625 seconds
Number of updated asset objects reloaded before import = 0Number of asset objects unloaded after import = 10

========================================================================
Received Import Request.
  Time since last request: 0.000052 seconds.
  path: Assets/Test/Asset/sprite-1086-31.png
  artifactKey: Guid(6d796c3fc38969a4ea019fe459c3c4aa) Importer(815301076,1909f56bfc062723c751e8b465ee728b)
Start importing Assets/Test/Asset/sprite-1086-31.png using Guid(6d796c3fc38969a4ea019fe459c3c4aa) Importer(815301076,1909f56bfc062723c751e8b465ee728b) (PreviewImporter) -> (artifact id: '13a60f8920749f5ce313f1014cbfb7f0') in 0.1053113 seconds
Number of updated asset objects reloaded before import = 0Number of asset objects unloaded after import = 10

========================================================================
Received Import Request.
  Time since last request: 0.000032 seconds.
  path: Assets/Test/Asset/sprite-1086-41.png
  artifactKey: Guid(61e975519ea71ce4fa451ac7f68433fa) Importer(815301076,1909f56bfc062723c751e8b465ee728b)
Start importing Assets/Test/Asset/sprite-1086-41.png using Guid(61e975519ea71ce4fa451ac7f68433fa) Importer(815301076,1909f56bfc062723c751e8b465ee728b) (PreviewImporter) -> (artifact id: '1dd12d42ad9c8e696a8cea55657e2ecf') in 0.0410846 seconds
Number of updated asset objects reloaded before import = 0Number of asset objects unloaded after import = 3

========================================================================
Received Import Request.
  Time since last request: 0.000049 seconds.
  path: Assets/Test/Asset/sprite-1086-29.png
  artifactKey: Guid(b0513abdf0760b1488b6c92147865893) Importer(815301076,1909f56bfc062723c751e8b465ee728b)
Start importing Assets/Test/Asset/sprite-1086-29.png using Guid(b0513abdf0760b1488b6c92147865893) Importer(815301076,1909f56bfc062723c751e8b465ee728b) (PreviewImporter) -> (artifact id: '619e80c21c4fa56ea34b6a1106e6739d') in 0.1014217 seconds
Number of updated asset objects reloaded before import = 0Number of asset objects unloaded after import = 8

========================================================================
Received Import Request.
  Time since last request: 2115.679271 seconds.
  path: Assets/Test/Asset/sprite-1086-22.png
  artifactKey: Guid(4d07188e1e05d5947a0741fdc79f4cd6) Importer(815301076,1909f56bfc062723c751e8b465ee728b)
Start importing Assets/Test/Asset/sprite-1086-22.png using Guid(4d07188e1e05d5947a0741fdc79f4cd6) Importer(815301076,1909f56bfc062723c751e8b465ee728b) (PreviewImporter) -> (artifact id: '602a8c075f4cc0096a5ae6df33a1f4ad') in 0.3314446 seconds
Number of updated asset objects reloaded before import = 0Number of asset objects unloaded after import = 5

========================================================================
Received Import Request.
  Time since last request: 0.000108 seconds.
  path: Assets/Test/Asset/sprite-1086-36.png
  artifactKey: Guid(58ef357ad6cfadd49a31b8cf4b02a45a) Importer(815301076,1909f56bfc062723c751e8b465ee728b)
Start importing Assets/Test/Asset/sprite-1086-36.png using Guid(58ef357ad6cfadd49a31b8cf4b02a45a) Importer(815301076,1909f56bfc062723c751e8b465ee728b) (PreviewImporter) -> (artifact id: '44180754ce6ec6bc0dab2c0da212e7fa') in 0.2269442 seconds
Number of updated asset objects reloaded before import = 0Number of asset objects unloaded after import = 10

========================================================================
Received Import Request.
  Time since last request: 0.000070 seconds.
  path: Assets/Test/Asset/sprite-1086-24.png
  artifactKey: Guid(60dd18ed894ce1842a742bd61e21182a) Importer(815301076,1909f56bfc062723c751e8b465ee728b)
Start importing Assets/Test/Asset/sprite-1086-24.png using Guid(60dd18ed894ce1842a742bd61e21182a) Importer(815301076,1909f56bfc062723c751e8b465ee728b) (PreviewImporter) -> (artifact id: 'e99e7a948c56ef1072a010c9e1f2f2af') in 0.1464181 seconds
Number of updated asset objects reloaded before import = 0Number of asset objects unloaded after import = 8

========================================================================
Received Import Request.
  Time since last request: 0.000057 seconds.
  path: Assets/Test/Asset/sprite-1086-34.png
  artifactKey: Guid(61361fb2536c15e40a26f5956eca5525) Importer(815301076,1909f56bfc062723c751e8b465ee728b)
Start importing Assets/Test/Asset/sprite-1086-34.png using Guid(61361fb2536c15e40a26f5956eca5525) Importer(815301076,1909f56bfc062723c751e8b465ee728b) (PreviewImporter) -> (artifact id: 'fbe0cc755355e32d2bc2242be9e1c87a') in 0.1208523 seconds
Number of updated asset objects reloaded before import = 0Number of asset objects unloaded after import = 5

========================================================================
Received Import Request.
  Time since last request: 0.000067 seconds.
  path: Assets/Test/Asset/sprite-1086-30.png
  artifactKey: Guid(6ae30527a23f3ef44b1a4011510e65fb) Importer(815301076,1909f56bfc062723c751e8b465ee728b)
Start importing Assets/Test/Asset/sprite-1086-30.png using Guid(6ae30527a23f3ef44b1a4011510e65fb) Importer(815301076,1909f56bfc062723c751e8b465ee728b) (PreviewImporter) -> (artifact id: '6b9ab52e48e2344f1da066d999e20965') in 0.1914941 seconds
Number of updated asset objects reloaded before import = 0Number of asset objects unloaded after import = 8

========================================================================
Received Import Request.
  Time since last request: 0.000037 seconds.
  path: Assets/Test/Asset/sprite-1086-37.png
  artifactKey: Guid(3cae2cbb83eacdd4fa8a81769e6dc647) Importer(815301076,1909f56bfc062723c751e8b465ee728b)
Start importing Assets/Test/Asset/sprite-1086-37.png using Guid(3cae2cbb83eacdd4fa8a81769e6dc647) Importer(815301076,1909f56bfc062723c751e8b465ee728b) (PreviewImporter) -> (artifact id: 'e67ef3925ed1c81790c7e8debf7a36c1') in 0.2508071 seconds
Number of updated asset objects reloaded before import = 0Number of asset objects unloaded after import = 10

========================================================================
Received Import Request.
  Time since last request: 0.000092 seconds.
  path: Assets/Test/Asset/sprite-1086-31.png
  artifactKey: Guid(6d796c3fc38969a4ea019fe459c3c4aa) Importer(815301076,1909f56bfc062723c751e8b465ee728b)
Start importing Assets/Test/Asset/sprite-1086-31.png using Guid(6d796c3fc38969a4ea019fe459c3c4aa) Importer(815301076,1909f56bfc062723c751e8b465ee728b) (PreviewImporter) -> (artifact id: '9328230d5defc31489f7f07294202729') in 0.2017451 seconds
Number of updated asset objects reloaded before import = 0Number of asset objects unloaded after import = 10

========================================================================
Received Import Request.
  Time since last request: 0.000122 seconds.
  path: Assets/Test/Asset/sprite-1086-42.png
  artifactKey: Guid(84300bcd09f97a144be670fc93fca003) Importer(815301076,1909f56bfc062723c751e8b465ee728b)
Start importing Assets/Test/Asset/sprite-1086-42.png using Guid(84300bcd09f97a144be670fc93fca003) Importer(815301076,1909f56bfc062723c751e8b465ee728b) (PreviewImporter) -> (artifact id: '76d85fc6c2ffe7c707cb010c397f5153') in 0.0738907 seconds
Number of updated asset objects reloaded before import = 0Number of asset objects unloaded after import = 3

========================================================================
Received Import Request.
  Time since last request: 0.000072 seconds.
  path: Assets/Test/Asset/sprite-1086-38.png
  artifactKey: Guid(a3ad28c0c9643e94d8110018dbf0130a) Importer(815301076,1909f56bfc062723c751e8b465ee728b)
Start importing Assets/Test/Asset/sprite-1086-38.png using Guid(a3ad28c0c9643e94d8110018dbf0130a) Importer(815301076,1909f56bfc062723c751e8b465ee728b) (PreviewImporter) -> (artifact id: '08a7b2ff26c087b70000d47047abe0e0') in 0.1467991 seconds
Number of updated asset objects reloaded before import = 0Number of asset objects unloaded after import = 8

